"filename", "language", "XML", "JSON", "Markdown", "C#", "HTTP", "JavaScript", "Properties", "JavaScript JSX", "PostCSS", "Dotenv", "HTML", "log", "comment", "blank", "total"
"d:\SocialNetworkApp\SocialNetworkApp\src\.agent.md", "Markdown", 0, 0, 28, 0, 0, 0, 0, 0, 0, 0, 0, 0, 0, 1, 29
"d:\SocialNetworkApp\SocialNetworkApp\src\Application\Abstractions\IFeedGenerator.cs", "C#", 0, 0, 0, 7, 0, 0, 0, 0, 0, 0, 0, 0, 0, 1, 8
"d:\SocialNetworkApp\SocialNetworkApp\src\Application\Abstractions\IFriendGraphService.cs", "C#", 0, 0, 0, 15, 0, 0, 0, 0, 0, 0, 0, 0, 0, 3, 18
"d:\SocialNetworkApp\SocialNetworkApp\src\Application\Abstractions\ITokenService.cs", "C#", 0, 0, 0, 8, 0, 0, 0, 0, 0, 0, 0, 0, 0, 1, 9
"d:\SocialNetworkApp\SocialNetworkApp\src\Application\Abstractions\IUnitOfWork.cs", "C#", 0, 0, 0, 10, 0, 0, 0, 0, 0, 0, 0, 0, 0, 2, 12
"d:\SocialNetworkApp\SocialNetworkApp\src\Application\Abstractions\IUploadService.cs", "C#", 0, 0, 0, 10, 0, 0, 0, 0, 0, 0, 0, 0, 0, 1, 11
"d:\SocialNetworkApp\SocialNetworkApp\src\Application\Abstractions\Messaging\ICommand.cs", "C#", 0, 0, 0, 11, 0, 0, 0, 0, 0, 0, 0, 0, 0, 2, 13
"d:\SocialNetworkApp\SocialNetworkApp\src\Application\Abstractions\Messaging\ICommandHandler.cs", "C#", 0, 0, 0, 14, 0, 0, 0, 0, 0, 0, 0, 0, 0, 3, 17
"d:\SocialNetworkApp\SocialNetworkApp\src\Application\Abstractions\Messaging\IDomainEventHandler.cs", "C#", 0, 0, 0, 9, 0, 0, 0, 0, 0, 0, 0, 0, 0, 3, 12
"d:\SocialNetworkApp\SocialNetworkApp\src\Application\Abstractions\Messaging\IQuery.cs", "C#", 0, 0, 0, 8, 0, 0, 0, 0, 0, 0, 0, 0, 0, 2, 10
"d:\SocialNetworkApp\SocialNetworkApp\src\Application\Abstractions\Messaging\IQueryHandler.cs", "C#", 0, 0, 0, 10, 0, 0, 0, 0, 0, 0, 0, 0, 0, 1, 11
"d:\SocialNetworkApp\SocialNetworkApp\src\Application\Abstractions\Repositories\IConversationRepository.cs", "C#", 0, 0, 0, 36, 0, 0, 0, 0, 0, 0, 0, 0, 0, 3, 39
"d:\SocialNetworkApp\SocialNetworkApp\src\Application\Abstractions\Repositories\IFeedRepository.cs", "C#", 0, 0, 0, 10, 0, 0, 0, 0, 0, 0, 0, 0, 0, 2, 12
"d:\SocialNetworkApp\SocialNetworkApp\src\Application\Abstractions\Repositories\IFriendRequestRepository.cs", "C#", 0, 0, 0, 16, 0, 0, 0, 0, 0, 0, 0, 0, 0, 5, 21
"d:\SocialNetworkApp\SocialNetworkApp\src\Application\Abstractions\Repositories\IFriendshipRepository.cs", "C#", 0, 0, 0, 22, 0, 0, 0, 0, 0, 0, 0, 0, 0, 3, 25
"d:\SocialNetworkApp\SocialNetworkApp\src\Application\Abstractions\Repositories\IGroupReportRepository.cs", "C#", 0, 0, 0, 13, 0, 0, 0, 0, 0, 0, 0, 0, 0, 2, 15
"d:\SocialNetworkApp\SocialNetworkApp\src\Application\Abstractions\Repositories\IGroupRepository.cs", "C#", 0, 0, 0, 15, 0, 0, 0, 0, 0, 0, 0, 0, 0, 2, 17
"d:\SocialNetworkApp\SocialNetworkApp\src\Application\Abstractions\Repositories\IMessageRepository.cs", "C#", 0, 0, 0, 12, 0, 0, 0, 0, 0, 0, 0, 0, 0, 2, 14
"d:\SocialNetworkApp\SocialNetworkApp\src\Application\Abstractions\Repositories\IPostRepository.cs", "C#", 0, 0, 0, 34, 0, 0, 0, 0, 0, 0, 0, 0, 0, 2, 36
"d:\SocialNetworkApp\SocialNetworkApp\src\Application\Abstractions\Repositories\ISchoolRepository.cs", "C#", 0, 0, 0, 15, 0, 0, 0, 0, 0, 0, 0, 0, 0, 2, 17
"d:\SocialNetworkApp\SocialNetworkApp\src\Application\Abstractions\Repositories\IUserRepository.cs", "C#", 0, 0, 0, 12, 0, 0, 0, 0, 0, 0, 0, 0, 0, 2, 14
"d:\SocialNetworkApp\SocialNetworkApp\src\Application\Abstractions\Security\IBlindIndexService.cs", "C#", 0, 0, 0, 7, 0, 0, 0, 0, 0, 0, 0, 0, 0, 2, 9
"d:\SocialNetworkApp\SocialNetworkApp\src\Application\Application.csproj", "XML", 22, 0, 0, 0, 0, 0, 0, 0, 0, 0, 0, 0, 0, 6, 28
"d:\SocialNetworkApp\SocialNetworkApp\src\Application\Auth\Commands\Login\LoginCommand.cs", "C#", 0, 0, 0, 5, 0, 0, 0, 0, 0, 0, 0, 0, 0, 3, 8
"d:\SocialNetworkApp\SocialNetworkApp\src\Application\Auth\Commands\Login\LoginCommandHandler.cs", "C#", 0, 0, 0, 30, 0, 0, 0, 0, 0, 0, 0, 0, 0, 3, 33
"d:\SocialNetworkApp\SocialNetworkApp\src\Application\Auth\Commands\Register\RegisterCommand.cs", "C#", 0, 0, 0, 13, 0, 0, 0, 0, 0, 0, 0, 0, 0, 2, 15
"d:\SocialNetworkApp\SocialNetworkApp\src\Application\Auth\Commands\Register\RegisterCommandHandler.cs", "C#", 0, 0, 0, 73, 0, 0, 0, 0, 0, 0, 0, 0, 1, 8, 82
"d:\SocialNetworkApp\SocialNetworkApp\src\Application\Behaviors\ValidationPipelineBehavior.cs", "C#", 0, 0, 0, 50, 0, 0, 0, 0, 0, 0, 0, 0, 0, 12, 62
"d:\SocialNetworkApp\SocialNetworkApp\src\Application\Conversations\Commands\CreateConversation\CreateConversationCommand.cs", "C#", 0, 0, 0, 9, 0, 0, 0, 0, 0, 0, 0, 0, 0, 2, 11
"d:\SocialNetworkApp\SocialNetworkApp\src\Application\Conversations\Commands\CreateConversation\CreateConversationCommandHandler.cs", "C#", 0, 0, 0, 62, 0, 0, 0, 0, 0, 0, 0, 0, 8, 12, 82
"d:\SocialNetworkApp\SocialNetworkApp\src\Application\Conversations\Commands\RemoveMemberFromConversation\RemoveMemberFromConversationCommand.cs", "C#", 0, 0, 0, 6, 0, 0, 0, 0, 0, 0, 0, 0, 0, 3, 9
"d:\SocialNetworkApp\SocialNetworkApp\src\Application\Conversations\Commands\RemoveMemberFromConversation\RemoveMemberFromConversationCommandHandler.cs", "C#", 0, 0, 0, 35, 0, 0, 0, 0, 0, 0, 0, 0, 0, 10, 45
"d:\SocialNetworkApp\SocialNetworkApp\src\Application\Conversations\Commands\ToggleNotifications\ToggleNotificationsCommand.cs", "C#", 0, 0, 0, 7, 0, 0, 0, 0, 0, 0, 0, 0, 0, 2, 9
"d:\SocialNetworkApp\SocialNetworkApp\src\Application\Conversations\Commands\ToggleNotifications\ToggleNotificationsCommandHandler.cs", "C#", 0, 0, 0, 38, 0, 0, 0, 0, 0, 0, 0, 0, 4, 8, 50
"d:\SocialNetworkApp\SocialNetworkApp\src\Application\Conversations\Queries\GetConversationDetailByUserId\GetConversationDetailByUserIdQuery.cs", "C#", 0, 0, 0, 7, 0, 0, 0, 0, 0, 0, 0, 0, 0, 2, 9
"d:\SocialNetworkApp\SocialNetworkApp\src\Application\Conversations\Queries\GetConversationDetailByUserId\GetConversationDetailByUserIdQueryHandler.cs", "C#", 0, 0, 0, 48, 0, 0, 0, 0, 0, 0, 0, 0, 3, 8, 59
"d:\SocialNetworkApp\SocialNetworkApp\src\Application\Conversations\Queries\GetConversationDetail\GetConversationDetailQuery.cs", "C#", 0, 0, 0, 7, 0, 0, 0, 0, 0, 0, 0, 0, 0, 1, 8
"d:\SocialNetworkApp\SocialNetworkApp\src\Application\Conversations\Queries\GetConversationDetail\GetConversationDetailQueryHandler.cs", "C#", 0, 0, 0, 39, 0, 0, 0, 0, 0, 0, 0, 0, 0, 6, 45
"d:\SocialNetworkApp\SocialNetworkApp\src\Application\Conversations\Queries\GetConversations\GetConversationsQuery.cs", "C#", 0, 0, 0, 10, 0, 0, 0, 0, 0, 0, 0, 0, 0, 2, 12
"d:\SocialNetworkApp\SocialNetworkApp\src\Application\Conversations\Queries\GetConversations\GetConversationsQueryHandler.cs", "C#", 0, 0, 0, 32, 0, 0, 0, 0, 0, 0, 0, 0, 0, 5, 37
"d:\SocialNetworkApp\SocialNetworkApp\src\Application\Conversations\Queries\SearchConversationsAndFriends\SearchConversationsAndFriendsQuery.cs", "C#", 0, 0, 0, 11, 0, 0, 0, 0, 0, 0, 0, 0, 0, 2, 13
"d:\SocialNetworkApp\SocialNetworkApp\src\Application\Conversations\Queries\SearchConversationsAndFriends\SearchConversationsAndFriendsQueryHandler.cs", "C#", 0, 0, 0, 88, 0, 0, 0, 0, 0, 0, 0, 0, 5, 13, 106
"d:\SocialNetworkApp\SocialNetworkApp\src\Application\DTOs\Conversations\ConversationDetailDto.cs", "C#", 0, 0, 0, 62, 0, 0, 0, 0, 0, 0, 0, 0, 0, 9, 71
"d:\SocialNetworkApp\SocialNetworkApp\src\Application\DTOs\Conversations\ConversationResponse.cs", "C#", 0, 0, 0, 52, 0, 0, 0, 0, 0, 0, 0, 0, 2, 4, 58
"d:\SocialNetworkApp\SocialNetworkApp\src\Application\DTOs\Conversations\ConversationSearchResponse.cs", "C#", 0, 0, 0, 11, 0, 0, 0, 0, 0, 0, 0, 0, 0, 2, 13
"d:\SocialNetworkApp\SocialNetworkApp\src\Application\DTOs\Feeds\FeedPostDto.cs", "C#", 0, 0, 0, 13, 0, 0, 0, 0, 0, 0, 0, 0, 0, 2, 15
"d:\SocialNetworkApp\SocialNetworkApp\src\Application\DTOs\Friends\FriendRequestDto.cs", "C#", 0, 0, 0, 15, 0, 0, 0, 0, 0, 0, 0, 0, 0, 2, 17
"d:\SocialNetworkApp\SocialNetworkApp\src\Application\DTOs\Friends\FriendResponse.cs", "C#", 0, 0, 0, 11, 0, 0, 0, 0, 0, 0, 0, 0, 0, 2, 13
"d:\SocialNetworkApp\SocialNetworkApp\src\Application\DTOs\Groups\GroupDto.cs", "C#", 0, 0, 0, 12, 0, 0, 0, 0, 0, 0, 0, 0, 0, 2, 14
"d:\SocialNetworkApp\SocialNetworkApp\src\Application\DTOs\Groups\GroupJoinRequestDto.cs", "C#", 0, 0, 0, 14, 0, 0, 0, 0, 0, 0, 0, 0, 0, 2, 16
"d:\SocialNetworkApp\SocialNetworkApp\src\Application\DTOs\Groups\GroupMemberDto.cs", "C#", 0, 0, 0, 14, 0, 0, 0, 0, 0, 0, 0, 0, 0, 2, 16
"d:\SocialNetworkApp\SocialNetworkApp\src\Application\DTOs\Groups\GroupRuleResponse.cs", "C#", 0, 0, 0, 8, 0, 0, 0, 0, 0, 0, 0, 0, 0, 1, 9
"d:\SocialNetworkApp\SocialNetworkApp\src\Application\DTOs\Groups\ReportedGroupContentDto.cs", "C#", 0, 0, 0, 23, 0, 0, 0, 0, 0, 0, 0, 0, 0, 2, 25
"d:\SocialNetworkApp\SocialNetworkApp\src\Application\DTOs\Messages\AttachmentDto.cs", "C#", 0, 0, 0, 19, 0, 0, 0, 0, 0, 0, 0, 0, 0, 2, 21
"d:\SocialNetworkApp\SocialNetworkApp\src\Application\DTOs\Messages\MemberMessageDto.cs", "C#", 0, 0, 0, 21, 0, 0, 0, 0, 0, 0, 0, 0, 0, 1, 22
"d:\SocialNetworkApp\SocialNetworkApp\src\Application\DTOs\Messages\MessageDto.cs", "C#", 0, 0, 0, 30, 0, 0, 0, 0, 0, 0, 0, 0, 0, 6, 36
"d:\SocialNetworkApp\SocialNetworkApp\src\Application\DTOs\Posts\PostCommentDto.cs", "C#", 0, 0, 0, 21, 0, 0, 0, 0, 0, 0, 0, 0, 0, 2, 23
"d:\SocialNetworkApp\SocialNetworkApp\src\Application\DTOs\Posts\PostDto.cs", "C#", 0, 0, 0, 30, 0, 0, 0, 0, 0, 0, 0, 0, 0, 2, 32
"d:\SocialNetworkApp\SocialNetworkApp\src\Application\DTOs\Posts\PostMediaDto.cs", "C#", 0, 0, 0, 11, 0, 0, 0, 0, 0, 0, 0, 0, 0, 1, 12
"d:\SocialNetworkApp\SocialNetworkApp\src\Application\DTOs\Posts\PostMediaItemDto.cs", "C#", 0, 0, 0, 12, 0, 0, 0, 0, 0, 0, 0, 0, 0, 1, 13
"d:\SocialNetworkApp\SocialNetworkApp\src\Application\DTOs\Posts\ReactionCountDto.cs", "C#", 0, 0, 0, 8, 0, 0, 0, 0, 0, 0, 0, 0, 0, 2, 10
"d:\SocialNetworkApp\SocialNetworkApp\src\Application\DTOs\Schools\SchoolResponse.cs", "C#", 0, 0, 0, 15, 0, 0, 0, 0, 0, 0, 0, 0, 0, 2, 17
"d:\SocialNetworkApp\SocialNetworkApp\src\Application\DTOs\Search\GlobalSearchResponse.cs", "C#", 0, 0, 0, 7, 0, 0, 0, 0, 0, 0, 0, 0, 0, 2, 9
"d:\SocialNetworkApp\SocialNetworkApp\src\Application\DTOs\Users\PersonalInfoResponse.cs", "C#", 0, 0, 0, 19, 0, 0, 0, 0, 0, 0, 0, 0, 0, 2, 21
"d:\SocialNetworkApp\SocialNetworkApp\src\Application\DTOs\Users\TaggableUserDto.cs", "C#", 0, 0, 0, 8, 0, 0, 0, 0, 0, 0, 0, 0, 0, 1, 9
"d:\SocialNetworkApp\SocialNetworkApp\src\Application\DTOs\Users\UserHoverCardResponse.cs", "C#", 0, 0, 0, 16, 0, 0, 0, 0, 0, 0, 0, 0, 0, 3, 19
"d:\SocialNetworkApp\SocialNetworkApp\src\Application\DependencyInjection.cs", "C#", 0, 0, 0, 13, 0, 0, 0, 0, 0, 0, 0, 0, 0, 1, 14
"d:\SocialNetworkApp\SocialNetworkApp\src\Application\Friend\Commands\AcceptFriendRequest\AcceptFriendRequestCommand.cs", "C#", 0, 0, 0, 6, 0, 0, 0, 0, 0, 0, 0, 0, 0, 2, 8
"d:\SocialNetworkApp\SocialNetworkApp\src\Application\Friend\Commands\AcceptFriendRequest\AcceptFriendRequestCommandHandler.cs", "C#", 0, 0, 0, 79, 0, 0, 0, 0, 0, 0, 0, 0, 8, 15, 102
"d:\SocialNetworkApp\SocialNetworkApp\src\Application\Friend\Commands\SendFriendRequest\SendFriendRequestCommand.cs", "C#", 0, 0, 0, 6, 0, 0, 0, 0, 0, 0, 0, 0, 0, 2, 8
"d:\SocialNetworkApp\SocialNetworkApp\src\Application\Friend\Commands\SendFriendRequest\SendFriendRequestCommandHandler.cs", "C#", 0, 0, 0, 67, 0, 0, 0, 0, 0, 0, 0, 0, 5, 12, 84
"d:\SocialNetworkApp\SocialNetworkApp\src\Application\Friend\Commands\SyncAllFriends\SyncAllFriendsCommand.cs", "C#", 0, 0, 0, 5, 0, 0, 0, 0, 0, 0, 0, 0, 0, 2, 7
"d:\SocialNetworkApp\SocialNetworkApp\src\Application\Friend\Commands\SyncAllFriends\SyncAllFriendsCommandHandler.cs", "C#", 0, 0, 0, 66, 0, 0, 0, 0, 0, 0, 0, 0, 0, 6, 72
"d:\SocialNetworkApp\SocialNetworkApp\src\Application\Friend\Events\FriendshipCreated\FriendshipCreatedDomainEventHandler.cs", "C#", 0, 0, 0, 44, 0, 0, 0, 0, 0, 0, 0, 0, 0, 5, 49
"d:\SocialNetworkApp\SocialNetworkApp\src\Application\Friend\Queries\GetFriendRecommendations\GetFriendRecommendationsQuery.cs", "C#", 0, 0, 0, 7, 0, 0, 0, 0, 0, 0, 0, 0, 0, 2, 9
"d:\SocialNetworkApp\SocialNetworkApp\src\Application\Friend\Queries\GetFriendRecommendations\GetFriendRecommendationsQueryHandler.cs", "C#", 0, 0, 0, 23, 0, 0, 0, 0, 0, 0, 0, 0, 0, 4, 27
"d:\SocialNetworkApp\SocialNetworkApp\src\Application\Friend\Queries\GetFriends\GetFriendsQuery.cs", "C#", 0, 0, 0, 5, 0, 0, 0, 0, 0, 0, 0, 0, 0, 2, 7
"d:\SocialNetworkApp\SocialNetworkApp\src\Application\Friend\Queries\GetFriends\GetFriendsQueryHandler.cs", "C#", 0, 0, 0, 49, 0, 0, 0, 0, 0, 0, 0, 0, 0, 9, 58
"d:\SocialNetworkApp\SocialNetworkApp\src\Application\Friend\Queries\GetIncomingFriendRequests\GetIncomingFriendRequestsQuery.cs", "C#", 0, 0, 0, 10, 0, 0, 0, 0, 0, 0, 0, 0, 0, 2, 12
"d:\SocialNetworkApp\SocialNetworkApp\src\Application\Friend\Queries\GetIncomingFriendRequests\GetIncomingFriendRequestsQueryHandler.cs", "C#", 0, 0, 0, 57, 0, 0, 0, 0, 0, 0, 0, 0, 0, 10, 67
"d:\SocialNetworkApp\SocialNetworkApp\src\Application\Friend\Queries\GetMutualFriends\GetMutualFriendsQuery.cs", "C#", 0, 0, 0, 7, 0, 0, 0, 0, 0, 0, 0, 0, 0, 2, 9
"d:\SocialNetworkApp\SocialNetworkApp\src\Application\Friend\Queries\GetMutualFriends\GetMutualFriendsQueryHandler.cs", "C#", 0, 0, 0, 23, 0, 0, 0, 0, 0, 0, 0, 0, 0, 4, 27
"d:\SocialNetworkApp\SocialNetworkApp\src\Application\Friend\Queries\GetShortestPath\GetShortestPathQuery.cs", "C#", 0, 0, 0, 7, 0, 0, 0, 0, 0, 0, 0, 0, 0, 2, 9
"d:\SocialNetworkApp\SocialNetworkApp\src\Application\Friend\Queries\GetShortestPath\GetShortestPathQueryHandler.cs", "C#", 0, 0, 0, 23, 0, 0, 0, 0, 0, 0, 0, 0, 0, 4, 27
"d:\SocialNetworkApp\SocialNetworkApp\src\Application\Groups\Commands\AssignGroupRole\AssignGroupRoleCommand.cs", "C#", 0, 0, 0, 11, 0, 0, 0, 0, 0, 0, 0, 0, 0, 2, 13
"d:\SocialNetworkApp\SocialNetworkApp\src\Application\Groups\Commands\AssignGroupRole\AssignGroupRoleCommandHandler.cs", "C#", 0, 0, 0, 92, 0, 0, 0, 0, 0, 0, 0, 0, 0, 16, 108
"d:\SocialNetworkApp\SocialNetworkApp\src\Application\Groups\Commands\CreateGroupRule\CreateGroupRuleCommand.cs", "C#", 0, 0, 0, 10, 0, 0, 0, 0, 0, 0, 0, 0, 0, 2, 12
"d:\SocialNetworkApp\SocialNetworkApp\src\Application\Groups\Commands\CreateGroupRule\CreateGroupRuleCommandHandler.cs", "C#", 0, 0, 0, 47, 0, 0, 0, 0, 0, 0, 0, 0, 1, 9, 57
"d:\SocialNetworkApp\SocialNetworkApp\src\Application\Groups\Commands\CreateGroup\CreateGroupCommand.cs", "C#", 0, 0, 0, 10, 0, 0, 0, 0, 0, 0, 0, 0, 0, 2, 12
"d:\SocialNetworkApp\SocialNetworkApp\src\Application\Groups\Commands\CreateGroup\CreateGroupCommandHandler.cs", "C#", 0, 0, 0, 59, 0, 0, 0, 0, 0, 0, 0, 0, 0, 8, 67
"d:\SocialNetworkApp\SocialNetworkApp\src\Application\Groups\Commands\DeleteGroupRule\DeleteGroupRuleCommand.cs", "C#", 0, 0, 0, 9, 0, 0, 0, 0, 0, 0, 0, 0, 0, 2, 11
"d:\SocialNetworkApp\SocialNetworkApp\src\Application\Groups\Commands\DeleteGroupRule\DeleteGroupRuleCommandHandler.cs", "C#", 0, 0, 0, 49, 0, 0, 0, 0, 0, 0, 0, 0, 1, 9, 59
"d:\SocialNetworkApp\SocialNetworkApp\src\Application\Groups\Commands\ExecuteReportedContent\ExecuteReportedContentCommand.cs", "C#", 0, 0, 0, 10, 0, 0, 0, 0, 0, 0, 0, 0, 0, 2, 12
"d:\SocialNetworkApp\SocialNetworkApp\src\Application\Groups\Commands\ExecuteReportedContent\ExecuteReportedContentCommandHandler.cs", "C#", 0, 0, 0, 85, 0, 0, 0, 0, 0, 0, 0, 0, 0, 13, 98
"d:\SocialNetworkApp\SocialNetworkApp\src\Application\Groups\Commands\JoinGroup\JoinGroupCommand.cs", "C#", 0, 0, 0, 8, 0, 0, 0, 0, 0, 0, 0, 0, 0, 2, 10
"d:\SocialNetworkApp\SocialNetworkApp\src\Application\Groups\Commands\JoinGroup\JoinGroupCommandHandler.cs", "C#", 0, 0, 0, 67, 0, 0, 0, 0, 0, 0, 0, 0, 3, 11, 81
"d:\SocialNetworkApp\SocialNetworkApp\src\Application\Groups\Commands\LeaveGroup\LeaveGroupCommand.cs", "C#", 0, 0, 0, 7, 0, 0, 0, 0, 0, 0, 0, 0, 0, 2, 9
"d:\SocialNetworkApp\SocialNetworkApp\src\Application\Groups\Commands\LeaveGroup\LeaveGroupCommandHandler.cs", "C#", 0, 0, 0, 45, 0, 0, 0, 0, 0, 0, 0, 0, 0, 8, 53
"d:\SocialNetworkApp\SocialNetworkApp\src\Application\Groups\Commands\ReportGroupPost\ReportGroupPostCommand.cs", "C#", 0, 0, 0, 11, 0, 0, 0, 0, 0, 0, 0, 0, 0, 2, 13
"d:\SocialNetworkApp\SocialNetworkApp\src\Application\Groups\Commands\ReportGroupPost\ReportGroupPostCommandHandler.cs", "C#", 0, 0, 0, 78, 0, 0, 0, 0, 0, 0, 0, 0, 0, 13, 91
"d:\SocialNetworkApp\SocialNetworkApp\src\Application\Groups\Commands\ReviewGroupJoinRequest\ReviewGroupJoinRequestCommand.cs", "C#", 0, 0, 0, 10, 0, 0, 0, 0, 0, 0, 0, 0, 0, 2, 12
"d:\SocialNetworkApp\SocialNetworkApp\src\Application\Groups\Commands\ReviewGroupJoinRequest\ReviewGroupJoinRequestCommandHandler.cs", "C#", 0, 0, 0, 58, 0, 0, 0, 0, 0, 0, 0, 0, 2, 10, 70
"d:\SocialNetworkApp\SocialNetworkApp\src\Application\Groups\Commands\ReviewGroupPost\ReviewGroupPostCommand.cs", "C#", 0, 0, 0, 9, 0, 0, 0, 0, 0, 0, 0, 0, 0, 2, 11
"d:\SocialNetworkApp\SocialNetworkApp\src\Application\Groups\Commands\ReviewGroupPost\ReviewGroupPostCommandHandler.cs", "C#", 0, 0, 0, 68, 0, 0, 0, 0, 0, 0, 0, 0, 0, 11, 79
"d:\SocialNetworkApp\SocialNetworkApp\src\Application\Groups\Commands\UpdateGroupRule\UpdateGroupRuleCommand.cs", "C#", 0, 0, 0, 11, 0, 0, 0, 0, 0, 0, 0, 0, 0, 2, 13
"d:\SocialNetworkApp\SocialNetworkApp\src\Application\Groups\Commands\UpdateGroupRule\UpdateGroupRuleCommandHandler.cs", "C#", 0, 0, 0, 55, 0, 0, 0, 0, 0, 0, 0, 0, 1, 10, 66
"d:\SocialNetworkApp\SocialNetworkApp\src\Application\Groups\Commands\UpdateGroup\UpdateGroupCommand.cs", "C#", 0, 0, 0, 15, 0, 0, 0, 0, 0, 0, 0, 0, 0, 2, 17
"d:\SocialNetworkApp\SocialNetworkApp\src\Application\Groups\Commands\UpdateGroup\UpdateGroupCommandHandler.cs", "C#", 0, 0, 0, 51, 0, 0, 0, 0, 0, 0, 0, 0, 0, 9, 60
"d:\SocialNetworkApp\SocialNetworkApp\src\Application\Groups\Commands\UploadGroupCoverPhoto\UploadGroupCoverPhotoCommand.cs", "C#", 0, 0, 0, 7, 0, 0, 0, 0, 0, 0, 0, 0, 0, 2, 9
"d:\SocialNetworkApp\SocialNetworkApp\src\Application\Groups\Commands\UploadGroupCoverPhoto\UploadGroupCoverPhotoCommandHandler.cs", "C#", 0, 0, 0, 53, 0, 0, 0, 0, 0, 0, 0, 0, 0, 7, 60
"d:\SocialNetworkApp\SocialNetworkApp\src\Application\Groups\Queries\GetGroupJoinRequests\GetGroupJoinRequestsQuery.cs", "C#", 0, 0, 0, 12, 0, 0, 0, 0, 0, 0, 0, 0, 0, 2, 14
"d:\SocialNetworkApp\SocialNetworkApp\src\Application\Groups\Queries\GetGroupJoinRequests\GetGroupJoinRequestsQueryHandler.cs", "C#", 0, 0, 0, 58, 0, 0, 0, 0, 0, 0, 0, 0, 0, 8, 66
"d:\SocialNetworkApp\SocialNetworkApp\src\Application\Groups\Queries\GetGroupMembers\GetGroupMembersQuery.cs", "C#", 0, 0, 0, 13, 0, 0, 0, 0, 0, 0, 0, 0, 0, 2, 15
"d:\SocialNetworkApp\SocialNetworkApp\src\Application\Groups\Queries\GetGroupMembers\GetGroupMembersQueryHandler.cs", "C#", 0, 0, 0, 53, 0, 0, 0, 0, 0, 0, 0, 0, 0, 7, 60
"d:\SocialNetworkApp\SocialNetworkApp\src\Application\Groups\Queries\GetGroupRules\GetGroupRulesQuery.cs", "C#", 0, 0, 0, 7, 0, 0, 0, 0, 0, 0, 0, 0, 0, 2, 9
"d:\SocialNetworkApp\SocialNetworkApp\src\Application\Groups\Queries\GetGroupRules\GetGroupRulesQueryHandler.cs", "C#", 0, 0, 0, 33, 0, 0, 0, 0, 0, 0, 0, 0, 0, 6, 39
"d:\SocialNetworkApp\SocialNetworkApp\src\Application\Groups\Queries\GetReportedContents\GetReportedContentsQuery.cs", "C#", 0, 0, 0, 13, 0, 0, 0, 0, 0, 0, 0, 0, 0, 2, 15
"d:\SocialNetworkApp\SocialNetworkApp\src\Application\Groups\Queries\GetReportedContents\GetReportedContentsQueryHandler.cs", "C#", 0, 0, 0, 71, 0, 0, 0, 0, 0, 0, 0, 0, 0, 8, 79
"d:\SocialNetworkApp\SocialNetworkApp\src\Application\Messages\Commands\ForwardMessage\ForwardMessageCommand.cs", "C#", 0, 0, 0, 6, 0, 0, 0, 0, 0, 0, 0, 0, 0, 3, 9
"d:\SocialNetworkApp\SocialNetworkApp\src\Application\Messages\Commands\ForwardMessage\ForwardMessageCommandHandler.cs", "C#", 0, 0, 0, 54, 0, 0, 0, 0, 0, 0, 0, 0, 3, 13, 70
"d:\SocialNetworkApp\SocialNetworkApp\src\Application\Messages\Commands\InvokeMessage\InvokeMessageCommand.cs", "C#", 0, 0, 0, 3, 0, 0, 0, 0, 0, 0, 0, 0, 0, 3, 6
"d:\SocialNetworkApp\SocialNetworkApp\src\Application\Messages\Commands\InvokeMessage\InvokeMessageCommandHandler.cs", "C#", 0, 0, 0, 36, 0, 0, 0, 0, 0, 0, 0, 0, 0, 10, 46
"d:\SocialNetworkApp\SocialNetworkApp\src\Application\Messages\Commands\SendMessage\SendMessageCommand.cs", "C#", 0, 0, 0, 8, 0, 0, 0, 0, 0, 0, 0, 0, 0, 2, 10
"d:\SocialNetworkApp\SocialNetworkApp\src\Application\Messages\Commands\SendMessage\SendMessageCommandHandler.cs", "C#", 0, 0, 0, 54, 0, 0, 0, 0, 0, 0, 0, 0, 7, 12, 73
"d:\SocialNetworkApp\SocialNetworkApp\src\Application\Messages\Commands\UpdateMessage\UpdateMessageCommand.cs", "C#", 0, 0, 0, 9, 0, 0, 0, 0, 0, 0, 0, 0, 0, 2, 11
"d:\SocialNetworkApp\SocialNetworkApp\src\Application\Messages\Commands\UpdateMessage\UpdateMessageCommandHandler.cs", "C#", 0, 0, 0, 39, 0, 0, 0, 0, 0, 0, 0, 0, 0, 9, 48
"d:\SocialNetworkApp\SocialNetworkApp\src\Application\Messages\Queries\GetMessagesAround\GetMessagesAroundQuery.cs", "C#", 0, 0, 0, 9, 0, 0, 0, 0, 0, 0, 0, 0, 0, 3, 12
"d:\SocialNetworkApp\SocialNetworkApp\src\Application\Messages\Queries\GetMessagesAround\GetMessagesAroundQueryHandler.cs", "C#", 0, 0, 0, 39, 0, 0, 0, 0, 0, 0, 0, 0, 3, 8, 50
"d:\SocialNetworkApp\SocialNetworkApp\src\Application\Messages\Queries\SearchMessages\SearchMessagesQuery.cs", "C#", 0, 0, 0, 7, 0, 0, 0, 0, 0, 0, 0, 0, 0, 3, 10
"d:\SocialNetworkApp\SocialNetworkApp\src\Application\Messages\Queries\SearchMessages\SearchMessagesQueryHandler.cs", "C#", 0, 0, 0, 39, 0, 0, 0, 0, 0, 0, 0, 0, 4, 9, 52
"d:\SocialNetworkApp\SocialNetworkApp\src\Application\Posts\Commands\CreateComment\CreateCommentCommand.cs", "C#", 0, 0, 0, 11, 0, 0, 0, 0, 0, 0, 0, 0, 0, 2, 13
"d:\SocialNetworkApp\SocialNetworkApp\src\Application\Posts\Commands\CreateComment\CreateCommentCommandHandler.cs", "C#", 0, 0, 0, 93, 0, 0, 0, 0, 0, 0, 0, 0, 0, 13, 106
"d:\SocialNetworkApp\SocialNetworkApp\src\Application\Posts\Commands\CreatePost\CreatePostCommand.cs", "C#", 0, 0, 0, 21, 0, 0, 0, 0, 0, 0, 0, 0, 0, 3, 24
"d:\SocialNetworkApp\SocialNetworkApp\src\Application\Posts\Commands\CreatePost\CreatePostCommandHandler.cs", "C#", 0, 0, 0, 210, 0, 0, 0, 0, 0, 0, 0, 0, 1, 29, 240
"d:\SocialNetworkApp\SocialNetworkApp\src\Application\Posts\Commands\MarkLatestFeedAsSeen\MarkLatestFeedAsSeenCommand.cs", "C#", 0, 0, 0, 9, 0, 0, 0, 0, 0, 0, 0, 0, 0, 3, 12
"d:\SocialNetworkApp\SocialNetworkApp\src\Application\Posts\Commands\MarkLatestFeedAsSeen\MarkLatestFeedAsSeenCommandHandler.cs", "C#", 0, 0, 0, 22, 0, 0, 0, 0, 0, 0, 0, 0, 0, 5, 27
"d:\SocialNetworkApp\SocialNetworkApp\src\Application\Posts\Commands\ReactToComment\ReactToCommentCommand.cs", "C#", 0, 0, 0, 10, 0, 0, 0, 0, 0, 0, 0, 0, 0, 2, 12
"d:\SocialNetworkApp\SocialNetworkApp\src\Application\Posts\Commands\ReactToComment\ReactToCommentCommandHandler.cs", "C#", 0, 0, 0, 59, 0, 0, 0, 0, 0, 0, 0, 0, 0, 9, 68
"d:\SocialNetworkApp\SocialNetworkApp\src\Application\Posts\Commands\ReactToPost\ReactToPostCommand.cs", "C#", 0, 0, 0, 10, 0, 0, 0, 0, 0, 0, 0, 0, 0, 2, 12
"d:\SocialNetworkApp\SocialNetworkApp\src\Application\Posts\Commands\ReactToPost\ReactToPostCommandHandler.cs", "C#", 0, 0, 0, 66, 0, 0, 0, 0, 0, 0, 0, 0, 0, 11, 77
"d:\SocialNetworkApp\SocialNetworkApp\src\Application\Posts\Commands\SavePost\SavePostCommand.cs", "C#", 0, 0, 0, 8, 0, 0, 0, 0, 0, 0, 0, 0, 0, 2, 10
"d:\SocialNetworkApp\SocialNetworkApp\src\Application\Posts\Commands\SavePost\SavePostCommandHandler.cs", "C#", 0, 0, 0, 52, 0, 0, 0, 0, 0, 0, 0, 0, 0, 9, 61
"d:\SocialNetworkApp\SocialNetworkApp\src\Application\Posts\Commands\SharePost\SharePostCommand.cs", "C#", 0, 0, 0, 11, 0, 0, 0, 0, 0, 0, 0, 0, 0, 2, 13
"d:\SocialNetworkApp\SocialNetworkApp\src\Application\Posts\Commands\SharePost\SharePostCommandHandler.cs", "C#", 0, 0, 0, 57, 0, 0, 0, 0, 0, 0, 0, 0, 6, 11, 74
"d:\SocialNetworkApp\SocialNetworkApp\src\Application\Posts\Commands\UnsavePost\UnsavePostCommand.cs", "C#", 0, 0, 0, 8, 0, 0, 0, 0, 0, 0, 0, 0, 0, 2, 10
"d:\SocialNetworkApp\SocialNetworkApp\src\Application\Posts\Commands\UnsavePost\UnsavePostCommandHandler.cs", "C#", 0, 0, 0, 40, 0, 0, 0, 0, 0, 0, 0, 0, 0, 7, 47
"d:\SocialNetworkApp\SocialNetworkApp\src\Application\Posts\Commands\UpdatePost\UpdatePostCommand.cs", "C#", 0, 0, 0, 13, 0, 0, 0, 0, 0, 0, 0, 0, 0, 2, 15
"d:\SocialNetworkApp\SocialNetworkApp\src\Application\Posts\Commands\UpdatePost\UpdatePostCommandHandler.cs", "C#", 0, 0, 0, 51, 0, 0, 0, 0, 0, 0, 0, 0, 0, 10, 61
"d:\SocialNetworkApp\SocialNetworkApp\src\Application\Posts\Queries\GetComments\GetCommentsQuery.cs", "C#", 0, 0, 0, 13, 0, 0, 0, 0, 0, 0, 0, 0, 0, 2, 15
"d:\SocialNetworkApp\SocialNetworkApp\src\Application\Posts\Queries\GetComments\GetCommentsQueryHandler.cs", "C#", 0, 0, 0, 98, 0, 0, 0, 0, 0, 0, 0, 0, 0, 15, 113
"d:\SocialNetworkApp\SocialNetworkApp\src\Application\Posts\Queries\GetFeedPosts\GetFeedPostsQuery.cs", "C#", 0, 0, 0, 12, 0, 0, 0, 0, 0, 0, 0, 0, 0, 2, 14
"d:\SocialNetworkApp\SocialNetworkApp\src\Application\Posts\Queries\GetFeedPosts\GetFeedPostsQueryHandler.cs", "C#", 0, 0, 0, 23, 0, 0, 0, 0, 0, 0, 0, 0, 0, 6, 29
"d:\SocialNetworkApp\SocialNetworkApp\src\Application\Posts\Queries\GetPossibleTags\GetPossibleTagsQuery.cs", "C#", 0, 0, 0, 12, 0, 0, 0, 0, 0, 0, 0, 0, 0, 2, 14
"d:\SocialNetworkApp\SocialNetworkApp\src\Application\Posts\Queries\GetPossibleTags\GetPossibleTagsQueryHandler.cs", "C#", 0, 0, 0, 34, 0, 0, 0, 0, 0, 0, 0, 0, 0, 7, 41
"d:\SocialNetworkApp\SocialNetworkApp\src\Application\Posts\Queries\GetPostMediasByGroup\GetPostMediasByGroupQuery.cs", "C#", 0, 0, 0, 11, 0, 0, 0, 0, 0, 0, 0, 0, 0, 2, 13
"d:\SocialNetworkApp\SocialNetworkApp\src\Application\Posts\Queries\GetPostMediasByGroup\GetPostMediasByGroupQueryHandler.cs", "C#", 0, 0, 0, 57, 0, 0, 0, 0, 0, 0, 0, 0, 0, 9, 66
"d:\SocialNetworkApp\SocialNetworkApp\src\Application\Posts\Queries\GetPostMediasByUser\GetPostMediasByUserQuery.cs", "C#", 0, 0, 0, 11, 0, 0, 0, 0, 0, 0, 0, 0, 0, 2, 13
"d:\SocialNetworkApp\SocialNetworkApp\src\Application\Posts\Queries\GetPostMediasByUser\GetPostMediasByUserQueryHandler.cs", "C#", 0, 0, 0, 57, 0, 0, 0, 0, 0, 0, 0, 0, 0, 9, 66
"d:\SocialNetworkApp\SocialNetworkApp\src\Application\Posts\Queries\GetPost\GetPostQuery.cs", "C#", 0, 0, 0, 6, 0, 0, 0, 0, 0, 0, 0, 0, 0, 2, 8
"d:\SocialNetworkApp\SocialNetworkApp\src\Application\Posts\Queries\GetPost\GetPostQueryHandler.cs", "C#", 0, 0, 0, 114, 0, 0, 0, 0, 0, 0, 0, 0, 0, 10, 124
"d:\SocialNetworkApp\SocialNetworkApp\src\Application\Posts\Queries\GetPostsByGroup\GetPostsByGroupQuery.cs", "C#", 0, 0, 0, 13, 0, 0, 0, 0, 0, 0, 0, 0, 0, 2, 15
"d:\SocialNetworkApp\SocialNetworkApp\src\Application\Posts\Queries\GetPostsByGroup\GetPostsByGroupQueryHandler.cs", "C#", 0, 0, 0, 115, 0, 0, 0, 0, 0, 0, 0, 0, 0, 11, 126
"d:\SocialNetworkApp\SocialNetworkApp\src\Application\Posts\Queries\GetPostsByPerson\GetPostsByPersonQuery.cs", "C#", 0, 0, 0, 12, 0, 0, 0, 0, 0, 0, 0, 0, 0, 2, 14
"d:\SocialNetworkApp\SocialNetworkApp\src\Application\Posts\Queries\GetPostsByPerson\GetPostsByPersonQueryHandler.cs", "C#", 0, 0, 0, 114, 0, 0, 0, 0, 0, 0, 0, 0, 0, 11, 125
"d:\SocialNetworkApp\SocialNetworkApp\src\Application\Schools\Commands\AddSchool\AddSchoolCommand.cs", "C#", 0, 0, 0, 15, 0, 0, 0, 0, 0, 0, 0, 0, 0, 2, 17
"d:\SocialNetworkApp\SocialNetworkApp\src\Application\Schools\Commands\AddSchool\AddSchoolCommandHandler.cs", "C#", 0, 0, 0, 56, 0, 0, 0, 0, 0, 0, 0, 0, 0, 8, 64
"d:\SocialNetworkApp\SocialNetworkApp\src\Application\Schools\Commands\DeleteSchool\DeleteSchoolCommand.cs", "C#", 0, 0, 0, 6, 0, 0, 0, 0, 0, 0, 0, 0, 0, 2, 8
"d:\SocialNetworkApp\SocialNetworkApp\src\Application\Schools\Commands\DeleteSchool\DeleteSchoolCommandHandler.cs", "C#", 0, 0, 0, 40, 0, 0, 0, 0, 0, 0, 0, 0, 0, 9, 49
"d:\SocialNetworkApp\SocialNetworkApp\src\Application\Schools\Commands\UpdateSchool\UpdateSchoolCommand.cs", "C#", 0, 0, 0, 16, 0, 0, 0, 0, 0, 0, 0, 0, 0, 2, 18
"d:\SocialNetworkApp\SocialNetworkApp\src\Application\Schools\Commands\UpdateSchool\UpdateSchoolCommandHandler.cs", "C#", 0, 0, 0, 55, 0, 0, 0, 0, 0, 0, 0, 0, 0, 9, 64
"d:\SocialNetworkApp\SocialNetworkApp\src\Application\Schools\Queries\GetSchools\GetSchoolsQuery.cs", "C#", 0, 0, 0, 8, 0, 0, 0, 0, 0, 0, 0, 0, 0, 2, 10
"d:\SocialNetworkApp\SocialNetworkApp\src\Application\Schools\Queries\GetSchools\GetSchoolsQueryHandler.cs", "C#", 0, 0, 0, 34, 0, 0, 0, 0, 0, 0, 0, 0, 0, 6, 40
"d:\SocialNetworkApp\SocialNetworkApp\src\Application\Shared\PagedList.cs", "C#", 0, 0, 0, 32, 0, 0, 0, 0, 0, 0, 0, 0, 3, 6, 41
"d:\SocialNetworkApp\SocialNetworkApp\src\Application\Users\Commands\FollowUser\FollowUserCommand.cs", "C#", 0, 0, 0, 8, 0, 0, 0, 0, 0, 0, 0, 0, 0, 2, 10
"d:\SocialNetworkApp\SocialNetworkApp\src\Application\Users\Commands\FollowUser\FollowUserCommandHandler.cs", "C#", 0, 0, 0, 49, 0, 0, 0, 0, 0, 0, 0, 0, 0, 10, 59
"d:\SocialNetworkApp\SocialNetworkApp\src\Application\Users\Commands\UnfollowUser\UnfollowUserCommand.cs", "C#", 0, 0, 0, 8, 0, 0, 0, 0, 0, 0, 0, 0, 0, 2, 10
"d:\SocialNetworkApp\SocialNetworkApp\src\Application\Users\Commands\UnfollowUser\UnfollowUserCommandHandler.cs", "C#", 0, 0, 0, 42, 0, 0, 0, 0, 0, 0, 0, 0, 0, 9, 51
"d:\SocialNetworkApp\SocialNetworkApp\src\Application\Users\Commands\UpdateInfo\UpdateInfoCommand.cs", "C#", 0, 0, 0, 17, 0, 0, 0, 0, 0, 0, 0, 0, 0, 2, 19
"d:\SocialNetworkApp\SocialNetworkApp\src\Application\Users\Commands\UpdateInfo\UpdateInfoCommandHandler.cs", "C#", 0, 0, 0, 69, 0, 0, 0, 0, 0, 0, 0, 0, 3, 11, 83
"d:\SocialNetworkApp\SocialNetworkApp\src\Application\Users\Commands\UploadAvatar\UploadAvatarCommand.cs", "C#", 0, 0, 0, 7, 0, 0, 0, 0, 0, 0, 0, 0, 0, 2, 9
"d:\SocialNetworkApp\SocialNetworkApp\src\Application\Users\Commands\UploadAvatar\UploadAvatarCommandHandler.cs", "C#", 0, 0, 0, 68, 0, 0, 0, 0, 0, 0, 0, 0, 1, 9, 78
"d:\SocialNetworkApp\SocialNetworkApp\src\Application\Users\Commands\UploadCoverPhoto\UploadCoverPhotoCommand.cs", "C#", 0, 0, 0, 7, 0, 0, 0, 0, 0, 0, 0, 0, 0, 2, 9
"d:\SocialNetworkApp\SocialNetworkApp\src\Application\Users\Commands\UploadCoverPhoto\UploadCoverPhotoCommandHandler.cs", "C#", 0, 0, 0, 47, 0, 0, 0, 0, 0, 0, 0, 0, 0, 8, 55
"d:\SocialNetworkApp\SocialNetworkApp\src\Application\Users\Queries\GetPersonalInfo\GetPersonalInfoQuery.cs", "C#", 0, 0, 0, 7, 0, 0, 0, 0, 0, 0, 0, 0, 0, 2, 9
"d:\SocialNetworkApp\SocialNetworkApp\src\Application\Users\Queries\GetPersonalInfo\GetPersonalInfoQueryHandler.cs", "C#", 0, 0, 0, 45, 0, 0, 0, 0, 0, 0, 0, 0, 0, 7, 52
"d:\SocialNetworkApp\SocialNetworkApp\src\Application\Users\Queries\GetUserHoverCard\GetUserHoverCardQuery.cs", "C#", 0, 0, 0, 6, 0, 0, 0, 0, 0, 0, 0, 0, 0, 2, 8
"d:\SocialNetworkApp\SocialNetworkApp\src\Application\Users\Queries\GetUserHoverCard\GetUserHoverCardQueryHandler.cs", "C#", 0, 0, 0, 67, 0, 0, 0, 0, 0, 0, 0, 0, 1, 11, 79
"d:\SocialNetworkApp\SocialNetworkApp\src\Application\bin\Debug\net10.0\Application.deps.json", "JSON", 0, 576, 0, 0, 0, 0, 0, 0, 0, 0, 0, 0, 0, 0, 576
"d:\SocialNetworkApp\SocialNetworkApp\src\Application\obj\Application.csproj.nuget.dgspec.json", "JSON", 0, 706, 0, 0, 0, 0, 0, 0, 0, 0, 0, 0, 0, 0, 706
"d:\SocialNetworkApp\SocialNetworkApp\src\Application\obj\Application.csproj.nuget.g.props", "XML", 19, 0, 0, 0, 0, 0, 0, 0, 0, 0, 0, 0, 0, 0, 19
"d:\SocialNetworkApp\SocialNetworkApp\src\Application\obj\Application.csproj.nuget.g.targets", "XML", 8, 0, 0, 0, 0, 0, 0, 0, 0, 0, 0, 0, 0, 0, 8
"d:\SocialNetworkApp\SocialNetworkApp\src\Application\obj\Debug\net10.0\.NETCoreApp,Version=v10.0.AssemblyAttributes.cs", "C#", 0, 0, 0, 3, 0, 0, 0, 0, 0, 0, 0, 0, 1, 1, 5
"d:\SocialNetworkApp\SocialNetworkApp\src\Application\obj\Debug\net10.0\Application.AssemblyInfo.cs", "C#", 0, 0, 0, 9, 0, 0, 0, 0, 0, 0, 0, 0, 9, 5, 23
"d:\SocialNetworkApp\SocialNetworkApp\src\Application\obj\Debug\net10.0\Application.GeneratedMSBuildEditorConfig.editorconfig", "Properties", 0, 0, 0, 0, 0, 0, 17, 0, 0, 0, 0, 0, 0, 1, 18
"d:\SocialNetworkApp\SocialNetworkApp\src\Application\obj\Debug\net10.0\Application.GlobalUsings.g.cs", "C#", 0, 0, 0, 7, 0, 0, 0, 0, 0, 0, 0, 0, 1, 1, 9
"d:\SocialNetworkApp\SocialNetworkApp\src\Application\obj\Debug\net10.0\Application.sourcelink.json", "JSON", 0, 1, 0, 0, 0, 0, 0, 0, 0, 0, 0, 0, 0, 0, 1
"d:\SocialNetworkApp\SocialNetworkApp\src\Application\obj\project.assets.json", "JSON", 0, 1692, 0, 0, 0, 0, 0, 0, 0, 0, 0, 0, 0, 0, 1692
"d:\SocialNetworkApp\SocialNetworkApp\src\Domain\Common\AggregateRoot.cs", "C#", 0, 0, 0, 14, 0, 0, 0, 0, 0, 0, 0, 0, 0, 6, 20
"d:\SocialNetworkApp\SocialNetworkApp\src\Domain\Common\BaseEntity.cs", "C#", 0, 0, 0, 25, 0, 0, 0, 0, 0, 0, 0, 0, 0, 6, 31
"d:\SocialNetworkApp\SocialNetworkApp\src\Domain\Common\IDomainEvent.cs", "C#", 0, 0, 0, 7, 0, 0, 0, 0, 0, 0, 0, 0, 0, 1, 8
"d:\SocialNetworkApp\SocialNetworkApp\src\Domain\Common\IHasDomainEvents.cs", "C#", 0, 0, 0, 9, 0, 0, 0, 0, 0, 0, 0, 0, 0, 2, 11
"d:\SocialNetworkApp\SocialNetworkApp\src\Domain\Domain.csproj", "XML", 14, 0, 0, 0, 0, 0, 0, 0, 0, 0, 0, 0, 0, 5, 19
"d:\SocialNetworkApp\SocialNetworkApp\src\Domain\Entities\BlockChat.cs", "C#", 0, 0, 0, 17, 0, 0, 0, 0, 0, 0, 0, 0, 1, 6, 24
"d:\SocialNetworkApp\SocialNetworkApp\src\Domain\Entities\CommentReaction.cs", "C#", 0, 0, 0, 26, 0, 0, 0, 0, 0, 0, 0, 0, 0, 6, 32
"d:\SocialNetworkApp\SocialNetworkApp\src\Domain\Entities\Conversation.cs", "C#", 0, 0, 0, 60, 0, 0, 0, 0, 0, 0, 0, 0, 0, 15, 75
"d:\SocialNetworkApp\SocialNetworkApp\src\Domain\Entities\ConversationMember.cs", "C#", 0, 0, 0, 37, 0, 0, 0, 0, 0, 0, 0, 0, 1, 8, 46
"d:\SocialNetworkApp\SocialNetworkApp\src\Domain\Entities\Following.cs", "C#", 0, 0, 0, 21, 0, 0, 0, 0, 0, 0, 0, 0, 0, 6, 27
"d:\SocialNetworkApp\SocialNetworkApp\src\Domain\Entities\FriendRequest.cs", "C#", 0, 0, 0, 29, 0, 0, 0, 0, 0, 0, 0, 0, 1, 9, 39
"d:\SocialNetworkApp\SocialNetworkApp\src\Domain\Entities\Friendship.cs", "C#", 0, 0, 0, 25, 0, 0, 0, 0, 0, 0, 0, 0, 1, 6, 32
"d:\SocialNetworkApp\SocialNetworkApp\src\Domain\Entities\Group.cs", "C#", 0, 0, 0, 140, 0, 0, 0, 0, 0, 0, 0, 0, 7, 27, 174
"d:\SocialNetworkApp\SocialNetworkApp\src\Domain\Entities\GroupJoinRequest.cs", "C#", 0, 0, 0, 29, 0, 0, 0, 0, 0, 0, 0, 0, 1, 7, 37
"d:\SocialNetworkApp\SocialNetworkApp\src\Domain\Entities\GroupMember.cs", "C#", 0, 0, 0, 25, 0, 0, 0, 0, 0, 0, 0, 0, 1, 6, 32
"d:\SocialNetworkApp\SocialNetworkApp\src\Domain\Entities\GroupRule.cs", "C#", 0, 0, 0, 27, 0, 0, 0, 0, 0, 0, 0, 0, 1, 6, 34
"d:\SocialNetworkApp\SocialNetworkApp\src\Domain\Entities\MemberMessage.cs", "C#", 0, 0, 0, 21, 0, 0, 0, 0, 0, 0, 0, 0, 1, 7, 29
"d:\SocialNetworkApp\SocialNetworkApp\src\Domain\Entities\Message.cs", "C#", 0, 0, 0, 72, 0, 0, 0, 0, 0, 0, 0, 0, 1, 15, 88
"d:\SocialNetworkApp\SocialNetworkApp\src\Domain\Entities\MessageAttachtment.cs", "C#", 0, 0, 0, 24, 0, 0, 0, 0, 0, 0, 0, 0, 1, 5, 30
"d:\SocialNetworkApp\SocialNetworkApp\src\Domain\Entities\Notification.cs", "C#", 0, 0, 0, 41, 0, 0, 0, 0, 0, 0, 0, 0, 1, 6, 48
"d:\SocialNetworkApp\SocialNetworkApp\src\Domain\Entities\Post.cs", "C#", 0, 0, 0, 126, 0, 0, 0, 0, 0, 0, 0, 0, 8, 25, 159
"d:\SocialNetworkApp\SocialNetworkApp\src\Domain\Entities\PostComment.cs", "C#", 0, 0, 0, 42, 0, 0, 0, 0, 0, 0, 0, 0, 3, 9, 54
"d:\SocialNetworkApp\SocialNetworkApp\src\Domain\Entities\PostMedia.cs", "C#", 0, 0, 0, 30, 0, 0, 0, 0, 0, 0, 0, 0, 1, 5, 36
"d:\SocialNetworkApp\SocialNetworkApp\src\Domain\Entities\PostReaction.cs", "C#", 0, 0, 0, 26, 0, 0, 0, 0, 0, 0, 0, 0, 0, 6, 32
"d:\SocialNetworkApp\SocialNetworkApp\src\Domain\Entities\PostTag.cs", "C#", 0, 0, 0, 19, 0, 0, 0, 0, 0, 0, 0, 0, 1, 5, 25
"d:\SocialNetworkApp\SocialNetworkApp\src\Domain\Entities\ReportedGroupContent.cs", "C#", 0, 0, 0, 52, 0, 0, 0, 0, 0, 0, 0, 0, 6, 15, 73
"d:\SocialNetworkApp\SocialNetworkApp\src\Domain\Entities\SavedPost.cs", "C#", 0, 0, 0, 21, 0, 0, 0, 0, 0, 0, 0, 0, 1, 5, 27
"d:\SocialNetworkApp\SocialNetworkApp\src\Domain\Entities\School.cs", "C#", 0, 0, 0, 56, 0, 0, 0, 0, 0, 0, 0, 0, 1, 8, 65
"d:\SocialNetworkApp\SocialNetworkApp\src\Domain\Entities\User.cs", "C#", 0, 0, 0, 112, 0, 0, 0, 0, 0, 0, 0, 0, 1, 27, 140
"d:\SocialNetworkApp\SocialNetworkApp\src\Domain\Entities\UserFeed.cs", "C#", 0, 0, 0, 44, 0, 0, 0, 0, 0, 0, 0, 0, 1, 7, 52
"d:\SocialNetworkApp\SocialNetworkApp\src\Domain\Enums\ConversationRole.cs", "C#", 0, 0, 0, 8, 0, 0, 0, 0, 0, 0, 0, 0, 0, 1, 9
"d:\SocialNetworkApp\SocialNetworkApp\src\Domain\Enums\DegreeType.cs", "C#", 0, 0, 0, 10, 0, 0, 0, 0, 0, 0, 0, 0, 0, 1, 11
"d:\SocialNetworkApp\SocialNetworkApp\src\Domain\Enums\Feeling.cs", "C#", 0, 0, 0, 32, 0, 0, 0, 0, 0, 0, 0, 0, 0, 1, 33
"d:\SocialNetworkApp\SocialNetworkApp\src\Domain\Enums\FriendRequestStatus.cs", "C#", 0, 0, 0, 9, 0, 0, 0, 0, 0, 0, 0, 0, 0, 1, 10
"d:\SocialNetworkApp\SocialNetworkApp\src\Domain\Enums\Gender.cs", "C#", 0, 0, 0, 8, 0, 0, 0, 0, 0, 0, 0, 0, 0, 0, 8
"d:\SocialNetworkApp\SocialNetworkApp\src\Domain\Enums\GroupContentType.cs", "C#", 0, 0, 0, 8, 0, 0, 0, 0, 0, 0, 0, 0, 1, 1, 10
"d:\SocialNetworkApp\SocialNetworkApp\src\Domain\Enums\GroupMemberRole.cs", "C#", 0, 0, 0, 9, 0, 0, 0, 0, 0, 0, 0, 0, 0, 1, 10
"d:\SocialNetworkApp\SocialNetworkApp\src\Domain\Enums\GroupPrivacyType.cs", "C#", 0, 0, 0, 8, 0, 0, 0, 0, 0, 0, 0, 0, 0, 1, 9
"d:\SocialNetworkApp\SocialNetworkApp\src\Domain\Enums\GroupReportReason.cs", "C#", 0, 0, 0, 14, 0, 0, 0, 0, 0, 0, 0, 0, 1, 1, 16
"d:\SocialNetworkApp\SocialNetworkApp\src\Domain\Enums\GroupReportStatus.cs", "C#", 0, 0, 0, 9, 0, 0, 0, 0, 0, 0, 0, 0, 4, 3, 16
"d:\SocialNetworkApp\SocialNetworkApp\src\Domain\Enums\GroupRequestStatus.cs", "C#", 0, 0, 0, 9, 0, 0, 0, 0, 0, 0, 0, 0, 0, 1, 10
"d:\SocialNetworkApp\SocialNetworkApp\src\Domain\Enums\MessageStatus.cs", "C#", 0, 0, 0, 7, 0, 0, 0, 0, 0, 0, 0, 0, 0, 1, 8
"d:\SocialNetworkApp\SocialNetworkApp\src\Domain\Enums\MessageType.cs", "C#", 0, 0, 0, 8, 0, 0, 0, 0, 0, 0, 0, 0, 0, 3, 11
"d:\SocialNetworkApp\SocialNetworkApp\src\Domain\Enums\NotificationEntityType.cs", "C#", 0, 0, 0, 10, 0, 0, 0, 0, 0, 0, 0, 0, 0, 1, 11
"d:\SocialNetworkApp\SocialNetworkApp\src\Domain\Enums\NotificationType.cs", "C#", 0, 0, 0, 13, 0, 0, 0, 0, 0, 0, 0, 0, 0, 1, 14
"d:\SocialNetworkApp\SocialNetworkApp\src\Domain\Enums\PostApprovalStatus.cs", "C#", 0, 0, 0, 10, 0, 0, 0, 0, 0, 0, 0, 0, 5, 4, 19
"d:\SocialNetworkApp\SocialNetworkApp\src\Domain\Enums\PostVisibility.cs", "C#", 0, 0, 0, 10, 0, 0, 0, 0, 0, 0, 0, 0, 0, 1, 11
"d:\SocialNetworkApp\SocialNetworkApp\src\Domain\Enums\ReactionTargetType.cs", "C#", 0, 0, 0, 8, 0, 0, 0, 0, 0, 0, 0, 0, 0, 1, 9
"d:\SocialNetworkApp\SocialNetworkApp\src\Domain\Enums\ReactionType.cs", "C#", 0, 0, 0, 12, 0, 0, 0, 0, 0, 0, 0, 0, 0, 1, 13
"d:\SocialNetworkApp\SocialNetworkApp\src\Domain\Enums\RelationshipStatus.cs", "C#", 0, 0, 0, 15, 0, 0, 0, 0, 0, 0, 0, 0, 0, 1, 16
"d:\SocialNetworkApp\SocialNetworkApp\src\Domain\Enums\SchoolType.cs", "C#", 0, 0, 0, 11, 0, 0, 0, 0, 0, 0, 0, 0, 0, 1, 12
"d:\SocialNetworkApp\SocialNetworkApp\src\Domain\Enums\UserFeedType.cs", "C#", 0, 0, 0, 11, 0, 0, 0, 0, 0, 0, 0, 0, 0, 1, 12
"d:\SocialNetworkApp\SocialNetworkApp\src\Domain\Enums\WhoCanApprove.cs", "C#", 0, 0, 0, 8, 0, 0, 0, 0, 0, 0, 0, 0, 3, 2, 13
"d:\SocialNetworkApp\SocialNetworkApp\src\Domain\Enums\WhoCanJoin.cs", "C#", 0, 0, 0, 8, 0, 0, 0, 0, 0, 0, 0, 0, 3, 2, 13
"d:\SocialNetworkApp\SocialNetworkApp\src\Domain\Enums\WhoCanPost.cs", "C#", 0, 0, 0, 9, 0, 0, 0, 0, 0, 0, 0, 0, 4, 3, 16
"d:\SocialNetworkApp\SocialNetworkApp\src\Domain\Events\FriendshipCreatedDomainEvent.cs", "C#", 0, 0, 0, 10, 0, 0, 0, 0, 0, 0, 0, 0, 0, 2, 12
"d:\SocialNetworkApp\SocialNetworkApp\src\Domain\Shared\Error.cs", "C#", 0, 0, 0, 40, 0, 0, 0, 0, 0, 0, 0, 0, 0, 13, 53
"d:\SocialNetworkApp\SocialNetworkApp\src\Domain\Shared\IValidationResult.cs", "C#", 0, 0, 0, 10, 0, 0, 0, 0, 0, 0, 0, 0, 0, 1, 11
"d:\SocialNetworkApp\SocialNetworkApp\src\Domain\Shared\Result.cs", "C#", 0, 0, 0, 36, 0, 0, 0, 0, 0, 0, 0, 0, 1, 11, 48
"d:\SocialNetworkApp\SocialNetworkApp\src\Domain\Shared\ResultT.cs", "C#", 0, 0, 0, 19, 0, 0, 0, 0, 0, 0, 0, 0, 0, 4, 23
"d:\SocialNetworkApp\SocialNetworkApp\src\Domain\Shared\ValidationResult.cs", "C#", 0, 0, 0, 11, 0, 0, 0, 0, 0, 0, 0, 0, 0, 3, 14
"d:\SocialNetworkApp\SocialNetworkApp\src\Domain\Shared\ValidationResultT.cs", "C#", 0, 0, 0, 11, 0, 0, 0, 0, 0, 0, 0, 0, 0, 3, 14
"d:\SocialNetworkApp\SocialNetworkApp\src\Domain\bin\Debug\net10.0\Domain.deps.json", "JSON", 0, 544, 0, 0, 0, 0, 0, 0, 0, 0, 0, 0, 0, 0, 544
"d:\SocialNetworkApp\SocialNetworkApp\src\Domain\obj\Debug\net10.0\.NETCoreApp,Version=v10.0.AssemblyAttributes.cs", "C#", 0, 0, 0, 3, 0, 0, 0, 0, 0, 0, 0, 0, 1, 1, 5
"d:\SocialNetworkApp\SocialNetworkApp\src\Domain\obj\Debug\net10.0\Domain.AssemblyInfo.cs", "C#", 0, 0, 0, 9, 0, 0, 0, 0, 0, 0, 0, 0, 9, 5, 23
"d:\SocialNetworkApp\SocialNetworkApp\src\Domain\obj\Debug\net10.0\Domain.GeneratedMSBuildEditorConfig.editorconfig", "Properties", 0, 0, 0, 0, 0, 0, 17, 0, 0, 0, 0, 0, 0, 1, 18
"d:\SocialNetworkApp\SocialNetworkApp\src\Domain\obj\Debug\net10.0\Domain.GlobalUsings.g.cs", "C#", 0, 0, 0, 7, 0, 0, 0, 0, 0, 0, 0, 0, 1, 1, 9
"d:\SocialNetworkApp\SocialNetworkApp\src\Domain\obj\Debug\net10.0\Domain.sourcelink.json", "JSON", 0, 1, 0, 0, 0, 0, 0, 0, 0, 0, 0, 0, 0, 0, 1
"d:\SocialNetworkApp\SocialNetworkApp\src\Domain\obj\Domain.csproj.nuget.dgspec.json", "JSON", 0, 357, 0, 0, 0, 0, 0, 0, 0, 0, 0, 0, 0, 0, 357
"d:\SocialNetworkApp\SocialNetworkApp\src\Domain\obj\Domain.csproj.nuget.g.props", "XML", 19, 0, 0, 0, 0, 0, 0, 0, 0, 0, 0, 0, 0, 0, 19
"d:\SocialNetworkApp\SocialNetworkApp\src\Domain\obj\Domain.csproj.nuget.g.targets", "XML", 8, 0, 0, 0, 0, 0, 0, 0, 0, 0, 0, 0, 0, 0, 8
"d:\SocialNetworkApp\SocialNetworkApp\src\Domain\obj\project.assets.json", "JSON", 0, 1645, 0, 0, 0, 0, 0, 0, 0, 0, 0, 0, 0, 0, 1645
"d:\SocialNetworkApp\SocialNetworkApp\src\Infrastructure\Authentication\TokenService.cs", "C#", 0, 0, 0, 42, 0, 0, 0, 0, 0, 0, 0, 0, 0, 9, 51
"d:\SocialNetworkApp\SocialNetworkApp\src\Infrastructure\BackgroundJobs\OutboxProcessingBackgroundService.cs", "C#", 0, 0, 0, 63, 0, 0, 0, 0, 0, 0, 0, 0, 0, 10, 73
"d:\SocialNetworkApp\SocialNetworkApp\src\Infrastructure\DependencyInjection.cs", "C#", 0, 0, 0, 69, 0, 0, 0, 0, 0, 0, 0, 0, 1, 9, 79
"d:\SocialNetworkApp\SocialNetworkApp\src\Infrastructure\Extensions\ClaimsPrincipalExtensions.cs", "C#", 0, 0, 0, 13, 0, 0, 0, 0, 0, 0, 0, 0, 0, 2, 15
"d:\SocialNetworkApp\SocialNetworkApp\src\Infrastructure\Infrastructure.csproj", "XML", 72, 0, 0, 0, 0, 0, 0, 0, 0, 0, 0, 0, 0, 6, 78
"d:\SocialNetworkApp\SocialNetworkApp\src\Infrastructure\Migrations\20260326140820_InitDb.Designer.cs", "C#", 0, 0, 0, 482, 0, 0, 0, 0, 0, 0, 0, 0, 2, 183, 667
"d:\SocialNetworkApp\SocialNetworkApp\src\Infrastructure\Migrations\20260326140820_InitDb.cs", "C#", 0, 0, 0, 434, 0, 0, 0, 0, 0, 0, 0, 0, 3, 46, 483
"d:\SocialNetworkApp\SocialNetworkApp\src\Infrastructure\Migrations\20260329024907_updb-1.Designer.cs", "C#", 0, 0, 0, 491, 0, 0, 0, 0, 0, 0, 0, 0, 2, 186, 679
"d:\SocialNetworkApp\SocialNetworkApp\src\Infrastructure\Migrations\20260329024907_updb-1.cs", "C#", 0, 0, 0, 82, 0, 0, 0, 0, 0, 0, 0, 0, 3, 14, 99
"d:\SocialNetworkApp\SocialNetworkApp\src\Infrastructure\Migrations\20260331111353_updb-2.Designer.cs", "C#", 0, 0, 0, 568, 0, 0, 0, 0, 0, 0, 0, 0, 2, 220, 790
"d:\SocialNetworkApp\SocialNetworkApp\src\Infrastructure\Migrations\20260331111353_updb-2.cs", "C#", 0, 0, 0, 107, 0, 0, 0, 0, 0, 0, 0, 0, 3, 14, 124
"d:\SocialNetworkApp\SocialNetworkApp\src\Infrastructure\Migrations\20260406124651_updb3.Designer.cs", "C#", 0, 0, 0, 567, 0, 0, 0, 0, 0, 0, 0, 0, 2, 220, 789
"d:\SocialNetworkApp\SocialNetworkApp\src\Infrastructure\Migrations\20260406124651_updb3.cs", "C#", 0, 0, 0, 30, 0, 0, 0, 0, 0, 0, 0, 0, 3, 4, 37
"d:\SocialNetworkApp\SocialNetworkApp\src\Infrastructure\Migrations\20260406125630_updb4.Designer.cs", "C#", 0, 0, 0, 567, 0, 0, 0, 0, 0, 0, 0, 0, 2, 220, 789
"d:\SocialNetworkApp\SocialNetworkApp\src\Infrastructure\Migrations\20260406125630_updb4.cs", "C#", 0, 0, 0, 29, 0, 0, 0, 0, 0, 0, 0, 0, 3, 4, 36
"d:\SocialNetworkApp\SocialNetworkApp\src\Infrastructure\Migrations\20260510120539_updb-4.Designer.cs", "C#", 0, 0, 0, 579, 0, 0, 0, 0, 0, 0, 0, 0, 2, 226, 807
"d:\SocialNetworkApp\SocialNetworkApp\src\Infrastructure\Migrations\20260510120539_updb-4.cs", "C#", 0, 0, 0, 86, 0, 0, 0, 0, 0, 0, 0, 0, 3, 18, 107
"d:\SocialNetworkApp\SocialNetworkApp\src\Infrastructure\Migrations\20260510121353_updb5.Designer.cs", "C#", 0, 0, 0, 580, 0, 0, 0, 0, 0, 0, 0, 0, 2, 226, 808
"d:\SocialNetworkApp\SocialNetworkApp\src\Infrastructure\Migrations\20260510121353_updb5.cs", "C#", 0, 0, 0, 86, 0, 0, 0, 0, 0, 0, 0, 0, 3, 18, 107
"d:\SocialNetworkApp\SocialNetworkApp\src\Infrastructure\Migrations\20260510130850_updb6.Designer.cs", "C#", 0, 0, 0, 582, 0, 0, 0, 0, 0, 0, 0, 0, 2, 227, 811
"d:\SocialNetworkApp\SocialNetworkApp\src\Infrastructure\Migrations\20260510130850_updb6.cs", "C#", 0, 0, 0, 22, 0, 0, 0, 0, 0, 0, 0, 0, 3, 4, 29
"d:\SocialNetworkApp\SocialNetworkApp\src\Infrastructure\Migrations\20260518122331_updb7.Designer.cs", "C#", 0, 0, 0, 1079, 0, 0, 0, 0, 0, 0, 0, 0, 2, 440, 1521
"d:\SocialNetworkApp\SocialNetworkApp\src\Infrastructure\Migrations\20260518122331_updb7.cs", "C#", 0, 0, 0, 554, 0, 0, 0, 0, 0, 0, 0, 0, 3, 68, 625
"d:\SocialNetworkApp\SocialNetworkApp\src\Infrastructure\Migrations\20260518123622_updb8.Designer.cs", "C#", 0, 0, 0, 1126, 0, 0, 0, 0, 0, 0, 0, 0, 2, 459, 1587
"d:\SocialNetworkApp\SocialNetworkApp\src\Infrastructure\Migrations\20260518123622_updb8.cs", "C#", 0, 0, 0, 66, 0, 0, 0, 0, 0, 0, 0, 0, 3, 9, 78
"d:\SocialNetworkApp\SocialNetworkApp\src\Infrastructure\Migrations\20260518145637_FixRelationshipStatus.Designer.cs", "C#", 0, 0, 0, 1123, 0, 0, 0, 0, 0, 0, 0, 0, 2, 458, 1583
"d:\SocialNetworkApp\SocialNetworkApp\src\Infrastructure\Migrations\20260518145637_FixRelationshipStatus.cs", "C#", 0, 0, 0, 46, 0, 0, 0, 0, 0, 0, 0, 0, 3, 6, 55
"d:\SocialNetworkApp\SocialNetworkApp\src\Infrastructure\Migrations\20260521144618_updb10.Designer.cs", "C#", 0, 0, 0, 1123, 0, 0, 0, 0, 0, 0, 0, 0, 2, 458, 1583
"d:\SocialNetworkApp\SocialNetworkApp\src\Infrastructure\Migrations\20260521144618_updb10.cs", "C#", 0, 0, 0, 30, 0, 0, 0, 0, 0, 0, 0, 0, 3, 4, 37
"d:\SocialNetworkApp\SocialNetworkApp\src\Infrastructure\Migrations\20260524124929_updb11.Designer.cs", "C#", 0, 0, 0, 1287, 0, 0, 0, 0, 0, 0, 0, 0, 2, 530, 1819
"d:\SocialNetworkApp\SocialNetworkApp\src\Infrastructure\Migrations\20260524124929_updb11.cs", "C#", 0, 0, 0, 223, 0, 0, 0, 0, 0, 0, 0, 0, 3, 29, 255
"d:\SocialNetworkApp\SocialNetworkApp\src\Infrastructure\Migrations\20260527093944_updb12.Designer.cs", "C#", 0, 0, 0, 1286, 0, 0, 0, 0, 0, 0, 0, 0, 2, 530, 1818
"d:\SocialNetworkApp\SocialNetworkApp\src\Infrastructure\Migrations\20260527093944_updb12.cs", "C#", 0, 0, 0, 32, 0, 0, 0, 0, 0, 0, 0, 0, 3, 4, 39
"d:\SocialNetworkApp\SocialNetworkApp\src\Infrastructure\Migrations\20260528071505_updb13.Designer.cs", "C#", 0, 0, 0, 1332, 0, 0, 0, 0, 0, 0, 0, 0, 2, 549, 1883
"d:\SocialNetworkApp\SocialNetworkApp\src\Infrastructure\Migrations\20260528071505_updb13.cs", "C#", 0, 0, 0, 177, 0, 0, 0, 0, 0, 0, 0, 0, 3, 22, 202
"d:\SocialNetworkApp\SocialNetworkApp\src\Infrastructure\Migrations\20260528120902_updb14.Designer.cs", "C#", 0, 0, 0, 1326, 0, 0, 0, 0, 0, 0, 0, 0, 2, 546, 1874
"d:\SocialNetworkApp\SocialNetworkApp\src\Infrastructure\Migrations\20260528120902_updb14.cs", "C#", 0, 0, 0, 14, 0, 0, 0, 0, 0, 0, 0, 0, 3, 6, 23
"d:\SocialNetworkApp\SocialNetworkApp\src\Infrastructure\Migrations\20260528121828_updb15.Designer.cs", "C#", 0, 0, 0, 1325, 0, 0, 0, 0, 0, 0, 0, 0, 2, 545, 1872
"d:\SocialNetworkApp\SocialNetworkApp\src\Infrastructure\Migrations\20260528121828_updb15.cs", "C#", 0, 0, 0, 34, 0, 0, 0, 0, 0, 0, 0, 0, 3, 6, 43
"d:\SocialNetworkApp\SocialNetworkApp\src\Infrastructure\Migrations\20260529071128_updb16.Designer.cs", "C#", 0, 0, 0, 1239, 0, 0, 0, 0, 0, 0, 0, 0, 2, 507, 1748
"d:\SocialNetworkApp\SocialNetworkApp\src\Infrastructure\Migrations\20260529071128_updb16.cs", "C#", 0, 0, 0, 106, 0, 0, 0, 0, 0, 0, 0, 0, 3, 12, 121
"d:\SocialNetworkApp\SocialNetworkApp\src\Infrastructure\Migrations\20260531055803_AddGroupJoinApprovalSettingAndReportedGroupContent.Designer.cs", "C#", 0, 0, 0, 1364, 0, 0, 0, 0, 0, 0, 0, 0, 2, 554, 1920
"d:\SocialNetworkApp\SocialNetworkApp\src\Infrastructure\Migrations\20260531055803_AddGroupJoinApprovalSettingAndReportedGroupContent.cs", "C#", 0, 0, 0, 156, 0, 0, 0, 0, 0, 0, 0, 0, 3, 21, 180
"d:\SocialNetworkApp\SocialNetworkApp\src\Infrastructure\Migrations\20260531065118_AddGroupPostHiddenFields.Designer.cs", "C#", 0, 0, 0, 1373, 0, 0, 0, 0, 0, 0, 0, 0, 2, 557, 1932
"d:\SocialNetworkApp\SocialNetworkApp\src\Infrastructure\Migrations\20260531065118_AddGroupPostHiddenFields.cs", "C#", 0, 0, 0, 41, 0, 0, 0, 0, 0, 0, 0, 0, 3, 8, 52
"d:\SocialNetworkApp\SocialNetworkApp\src\Infrastructure\Migrations\20260531094629_updb17.Designer.cs", "C#", 0, 0, 0, 1373, 0, 0, 0, 0, 0, 0, 0, 0, 2, 557, 1932
"d:\SocialNetworkApp\SocialNetworkApp\src\Infrastructure\Migrations\20260531094629_updb17.cs", "C#", 0, 0, 0, 14, 0, 0, 0, 0, 0, 0, 0, 0, 3, 6, 23
"d:\SocialNetworkApp\SocialNetworkApp\src\Infrastructure\Migrations\AppDbContextModelSnapshot.cs", "C#", 0, 0, 0, 1371, 0, 0, 0, 0, 0, 0, 0, 0, 1, 557, 1929
"d:\SocialNetworkApp\SocialNetworkApp\src\Infrastructure\Outbox\OutboxMessage.cs", "C#", 0, 0, 0, 12, 0, 0, 0, 0, 0, 0, 0, 0, 0, 6, 18
"d:\SocialNetworkApp\SocialNetworkApp\src\Infrastructure\Persistence\Configurations\BlockChatConfiguration.cs", "C#", 0, 0, 0, 23, 0, 0, 0, 0, 0, 0, 0, 0, 4, 5, 32
"d:\SocialNetworkApp\SocialNetworkApp\src\Infrastructure\Persistence\Configurations\ConversationConfiguration.cs", "C#", 0, 0, 0, 34, 0, 0, 0, 0, 0, 0, 0, 0, 1, 14, 49
"d:\SocialNetworkApp\SocialNetworkApp\src\Infrastructure\Persistence\Configurations\ConversationMemberConfiguration.cs", "C#", 0, 0, 0, 26, 0, 0, 0, 0, 0, 0, 0, 0, 1, 4, 31
"d:\SocialNetworkApp\SocialNetworkApp\src\Infrastructure\Persistence\Configurations\FollowingConfiguration.cs", "C#", 0, 0, 0, 26, 0, 0, 0, 0, 0, 0, 0, 0, 0, 7, 33
"d:\SocialNetworkApp\SocialNetworkApp\src\Infrastructure\Persistence\Configurations\FriendRequestConfiguration.cs", "C#", 0, 0, 0, 28, 0, 0, 0, 0, 0, 0, 0, 0, 1, 8, 37
"d:\SocialNetworkApp\SocialNetworkApp\src\Infrastructure\Persistence\Configurations\FriendShipConfiguration.cs", "C#", 0, 0, 0, 26, 0, 0, 0, 0, 0, 0, 0, 0, 0, 7, 33
"d:\SocialNetworkApp\SocialNetworkApp\src\Infrastructure\Persistence\Configurations\GroupConfiguration.cs", "C#", 0, 0, 0, 59, 0, 0, 0, 0, 0, 0, 0, 0, 12, 19, 90
"d:\SocialNetworkApp\SocialNetworkApp\src\Infrastructure\Persistence\Configurations\GroupJoinRequestConfiguration.cs", "C#", 0, 0, 0, 24, 0, 0, 0, 0, 0, 0, 0, 0, 4, 7, 35
"d:\SocialNetworkApp\SocialNetworkApp\src\Infrastructure\Persistence\Configurations\GroupMemberConfiguration.cs", "C#", 0, 0, 0, 21, 0, 0, 0, 0, 0, 0, 0, 0, 3, 6, 30
"d:\SocialNetworkApp\SocialNetworkApp\src\Infrastructure\Persistence\Configurations\GroupRuleConfiguration.cs", "C#", 0, 0, 0, 28, 0, 0, 0, 0, 0, 0, 0, 0, 1, 8, 37
"d:\SocialNetworkApp\SocialNetworkApp\src\Infrastructure\Persistence\Configurations\MemberMessageConfiguration.cs", "C#", 0, 0, 0, 14, 0, 0, 0, 0, 0, 0, 0, 0, 0, 4, 18
"d:\SocialNetworkApp\SocialNetworkApp\src\Infrastructure\Persistence\Configurations\MessageAttachmentConfiguration.cs", "C#", 0, 0, 0, 19, 0, 0, 0, 0, 0, 0, 0, 0, 0, 4, 23
"d:\SocialNetworkApp\SocialNetworkApp\src\Infrastructure\Persistence\Configurations\MessageConfiguration.cs", "C#", 0, 0, 0, 47, 0, 0, 0, 0, 0, 0, 0, 0, 5, 12, 64
"d:\SocialNetworkApp\SocialNetworkApp\src\Infrastructure\Persistence\Configurations\NotificationConfiguration.cs", "C#", 0, 0, 0, 36, 0, 0, 0, 0, 0, 0, 0, 0, 8, 11, 55
"d:\SocialNetworkApp\SocialNetworkApp\src\Infrastructure\Persistence\Configurations\PostCommentConfiguration.cs", "C#", 0, 0, 0, 44, 0, 0, 0, 0, 0, 0, 0, 0, 11, 15, 70
"d:\SocialNetworkApp\SocialNetworkApp\src\Infrastructure\Persistence\Configurations\PostConfiguration.cs", "C#", 0, 0, 0, 92, 0, 0, 0, 0, 0, 0, 0, 0, 20, 30, 142
"d:\SocialNetworkApp\SocialNetworkApp\src\Infrastructure\Persistence\Configurations\PostMediaConfiguration.cs", "C#", 0, 0, 0, 28, 0, 0, 0, 0, 0, 0, 0, 0, 6, 10, 44
"d:\SocialNetworkApp\SocialNetworkApp\src\Infrastructure\Persistence\Configurations\PostTagConfiguration.cs", "C#", 0, 0, 0, 25, 0, 0, 0, 0, 0, 0, 0, 0, 1, 7, 33
"d:\SocialNetworkApp\SocialNetworkApp\src\Infrastructure\Persistence\Configurations\ReactionConfiguration.cs", "C#", 0, 0, 0, 60, 0, 0, 0, 0, 0, 0, 0, 0, 0, 18, 78
"d:\SocialNetworkApp\SocialNetworkApp\src\Infrastructure\Persistence\Configurations\ReportedGroupContentConfiguration.cs", "C#", 0, 0, 0, 54, 0, 0, 0, 0, 0, 0, 0, 0, 12, 18, 84
"d:\SocialNetworkApp\SocialNetworkApp\src\Infrastructure\Persistence\Configurations\SavedPostConfiguration.cs", "C#", 0, 0, 0, 20, 0, 0, 0, 0, 0, 0, 0, 0, 3, 6, 29
"d:\SocialNetworkApp\SocialNetworkApp\src\Infrastructure\Persistence\Configurations\SchoolConfiguration.cs", "C#", 0, 0, 0, 32, 0, 0, 0, 0, 0, 0, 0, 0, 8, 11, 51
"d:\SocialNetworkApp\SocialNetworkApp\src\Infrastructure\Persistence\Configurations\UserConfiguration.cs", "C#", 0, 0, 0, 152, 0, 0, 0, 0, 0, 0, 0, 0, 30, 52, 234
"d:\SocialNetworkApp\SocialNetworkApp\src\Infrastructure\Persistence\Configurations\UserFeedConfiguration.cs", "C#", 0, 0, 0, 29, 0, 0, 0, 0, 0, 0, 0, 0, 6, 9, 44
"d:\SocialNetworkApp\SocialNetworkApp\src\Infrastructure\Persistence\Contexts\AppDbContext.cs", "C#", 0, 0, 0, 115, 0, 0, 0, 0, 0, 0, 0, 0, 2, 10, 127
"d:\SocialNetworkApp\SocialNetworkApp\src\Infrastructure\Persistence\Contexts\RoleSeeder.cs", "C#", 0, 0, 0, 21, 0, 0, 0, 0, 0, 0, 0, 0, 0, 4, 25
"d:\SocialNetworkApp\SocialNetworkApp\src\Infrastructure\Persistence\Repositories\ConversationRepository.cs", "C#", 0, 0, 0, 119, 0, 0, 0, 0, 0, 0, 0, 0, 3, 12, 134
"d:\SocialNetworkApp\SocialNetworkApp\src\Infrastructure\Persistence\Repositories\FeedRepository.cs", "C#", 0, 0, 0, 220, 0, 0, 0, 0, 0, 0, 0, 0, 0, 22, 242
"d:\SocialNetworkApp\SocialNetworkApp\src\Infrastructure\Persistence\Repositories\FriendRequestRepository.cs", "C#", 0, 0, 0, 49, 0, 0, 0, 0, 0, 0, 0, 0, 0, 8, 57
"d:\SocialNetworkApp\SocialNetworkApp\src\Infrastructure\Persistence\Repositories\FriendshipRepository.cs", "C#", 0, 0, 0, 100, 0, 0, 0, 0, 0, 0, 0, 0, 2, 16, 118
"d:\SocialNetworkApp\SocialNetworkApp\src\Infrastructure\Persistence\Repositories\GroupReportRepository.cs", "C#", 0, 0, 0, 54, 0, 0, 0, 0, 0, 0, 0, 0, 0, 10, 64
"d:\SocialNetworkApp\SocialNetworkApp\src\Infrastructure\Persistence\Repositories\GroupRepository.cs", "C#", 0, 0, 0, 97, 0, 0, 0, 0, 0, 0, 0, 0, 0, 16, 113
"d:\SocialNetworkApp\SocialNetworkApp\src\Infrastructure\Persistence\Repositories\MessageRepository.cs", "C#", 0, 0, 0, 90, 0, 0, 0, 0, 0, 0, 0, 0, 2, 18, 110
"d:\SocialNetworkApp\SocialNetworkApp\src\Infrastructure\Persistence\Repositories\PostRepository.cs", "C#", 0, 0, 0, 260, 0, 0, 0, 0, 0, 0, 0, 0, 0, 43, 303
"d:\SocialNetworkApp\SocialNetworkApp\src\Infrastructure\Persistence\Repositories\SchoolRepository.cs", "C#", 0, 0, 0, 40, 0, 0, 0, 0, 0, 0, 0, 0, 0, 7, 47
"d:\SocialNetworkApp\SocialNetworkApp\src\Infrastructure\Persistence\Repositories\UnitOfWork.cs", "C#", 0, 0, 0, 17, 0, 0, 0, 0, 0, 0, 0, 0, 0, 5, 22
"d:\SocialNetworkApp\SocialNetworkApp\src\Infrastructure\Persistence\Repositories\UserRepository.cs", "C#", 0, 0, 0, 50, 0, 0, 0, 0, 0, 0, 0, 0, 3, 10, 63
"d:\SocialNetworkApp\SocialNetworkApp\src\Infrastructure\Security\BlindIndexService.cs", "C#", 0, 0, 0, 35, 0, 0, 0, 0, 0, 0, 0, 0, 1, 10, 46
"d:\SocialNetworkApp\SocialNetworkApp\src\Infrastructure\Services\CloudinaryUploadService.cs", "C#", 0, 0, 0, 118, 0, 0, 0, 0, 0, 0, 0, 0, 0, 25, 143
"d:\SocialNetworkApp\SocialNetworkApp\src\Infrastructure\Services\FeedGenerator.cs", "C#", 0, 0, 0, 231, 0, 0, 0, 0, 0, 0, 0, 0, 0, 41, 272
"d:\SocialNetworkApp\SocialNetworkApp\src\Infrastructure\Services\FriendGraphService.cs", "C#", 0, 0, 0, 228, 0, 0, 0, 0, 0, 0, 0, 0, 0, 40, 268
"d:\SocialNetworkApp\SocialNetworkApp\src\Infrastructure\SignalR\ChatHub.cs", "C#", 0, 0, 0, 75, 0, 0, 0, 0, 0, 0, 0, 0, 13, 27, 115
"d:\SocialNetworkApp\SocialNetworkApp\src\Infrastructure\SignalR\PresenceTracker.cs", "C#", 0, 0, 0, 115, 0, 0, 0, 0, 0, 0, 0, 0, 9, 24, 148
"d:\SocialNetworkApp\SocialNetworkApp\src\Infrastructure\bin\Debug\net10.0\BuildHost-netcore\Microsoft.CodeAnalysis.Workspaces.MSBuild.BuildHost.deps.json", "JSON", 0, 260, 0, 0, 0, 0, 0, 0, 0, 0, 0, 0, 0, 0, 260
"d:\SocialNetworkApp\SocialNetworkApp\src\Infrastructure\bin\Debug\net10.0\BuildHost-netcore\Microsoft.CodeAnalysis.Workspaces.MSBuild.BuildHost.runtimeconfig.json", "JSON", 0, 13, 0, 0, 0, 0, 0, 0, 0, 0, 0, 0, 0, 0, 13
"d:\SocialNetworkApp\SocialNetworkApp\src\Infrastructure\bin\Debug\net10.0\Infrastructure.deps.json", "JSON", 0, 1146, 0, 0, 0, 0, 0, 0, 0, 0, 0, 0, 0, 0, 1146
"d:\SocialNetworkApp\SocialNetworkApp\src\Infrastructure\bin\Debug\net10.0\Infrastructure.runtimeconfig.json", "JSON", 0, 19, 0, 0, 0, 0, 0, 0, 0, 0, 0, 0, 0, 0, 19
"d:\SocialNetworkApp\SocialNetworkApp\src\Infrastructure\obj\Debug\net10.0\.NETCoreApp,Version=v10.0.AssemblyAttributes.cs", "C#", 0, 0, 0, 3, 0, 0, 0, 0, 0, 0, 0, 0, 1, 1, 5
"d:\SocialNetworkApp\SocialNetworkApp\src\Infrastructure\obj\Debug\net10.0\Infrastructure.AssemblyInfo.cs", "C#", 0, 0, 0, 9, 0, 0, 0, 0, 0, 0, 0, 0, 9, 5, 23
"d:\SocialNetworkApp\SocialNetworkApp\src\Infrastructure\obj\Debug\net10.0\Infrastructure.GeneratedMSBuildEditorConfig.editorconfig", "Properties", 0, 0, 0, 0, 0, 0, 25, 0, 0, 0, 0, 0, 0, 1, 26
"d:\SocialNetworkApp\SocialNetworkApp\src\Infrastructure\obj\Debug\net10.0\Infrastructure.GlobalUsings.g.cs", "C#", 0, 0, 0, 7, 0, 0, 0, 0, 0, 0, 0, 0, 1, 1, 9
"d:\SocialNetworkApp\SocialNetworkApp\src\Infrastructure\obj\Debug\net10.0\Infrastructure.sourcelink.json", "JSON", 0, 1, 0, 0, 0, 0, 0, 0, 0, 0, 0, 0, 0, 0, 1
"d:\SocialNetworkApp\SocialNetworkApp\src\Infrastructure\obj\Infrastructure.csproj.nuget.dgspec.json", "JSON", 0, 1220, 0, 0, 0, 0, 0, 0, 0, 0, 0, 0, 0, 0, 1220
"d:\SocialNetworkApp\SocialNetworkApp\src\Infrastructure\obj\Infrastructure.csproj.nuget.g.props", "XML", 25, 0, 0, 0, 0, 0, 0, 0, 0, 0, 0, 0, 0, 0, 25
"d:\SocialNetworkApp\SocialNetworkApp\src\Infrastructure\obj\Infrastructure.csproj.nuget.g.targets", "XML", 7, 0, 0, 0, 0, 0, 0, 0, 0, 0, 0, 0, 0, 0, 7
"d:\SocialNetworkApp\SocialNetworkApp\src\Infrastructure\obj\project.assets.json", "JSON", 0, 3784, 0, 0, 0, 0, 0, 0, 0, 0, 0, 0, 0, 0, 3784
"d:\SocialNetworkApp\SocialNetworkApp\src\Presentation\Abstractions\ApiController.cs", "C#", 0, 0, 0, 34, 0, 0, 0, 0, 0, 0, 0, 0, 0, 3, 37
"d:\SocialNetworkApp\SocialNetworkApp\src\Presentation\Contracts\Auth\LoginRequest.cs", "C#", 0, 0, 0, 6, 0, 0, 0, 0, 0, 0, 0, 0, 0, 1, 7
"d:\SocialNetworkApp\SocialNetworkApp\src\Presentation\Contracts\Auth\RegisterRequest.cs", "C#", 0, 0, 0, 12, 0, 0, 0, 0, 0, 0, 0, 0, 0, 1, 13
"d:\SocialNetworkApp\SocialNetworkApp\src\Presentation\Contracts\Conversation\CreateConversationRequest.cs", "C#", 0, 0, 0, 4, 0, 0, 0, 0, 0, 0, 0, 0, 0, 1, 5
"d:\SocialNetworkApp\SocialNetworkApp\src\Presentation\Contracts\Group\AssignGroupRoleRequest.cs", "C#", 0, 0, 0, 7, 0, 0, 0, 0, 0, 0, 0, 0, 0, 1, 8
"d:\SocialNetworkApp\SocialNetworkApp\src\Presentation\Contracts\Group\CreateGroupRequest.cs", "C#", 0, 0, 0, 8, 0, 0, 0, 0, 0, 0, 0, 0, 0, 1, 9
"d:\SocialNetworkApp\SocialNetworkApp\src\Presentation\Contracts\Group\CreateGroupRuleRequest.cs", "C#", 0, 0, 0, 4, 0, 0, 0, 0, 0, 0, 0, 0, 0, 1, 5
"d:\SocialNetworkApp\SocialNetworkApp\src\Presentation\Contracts\Group\ExecuteReportedContentRequest.cs", "C#", 0, 0, 0, 8, 0, 0, 0, 0, 0, 0, 0, 0, 0, 1, 9
"d:\SocialNetworkApp\SocialNetworkApp\src\Presentation\Contracts\Group\ReportGroupPostRequest.cs", "C#", 0, 0, 0, 8, 0, 0, 0, 0, 0, 0, 0, 0, 0, 1, 9
"d:\SocialNetworkApp\SocialNetworkApp\src\Presentation\Contracts\Group\ReviewGroupJoinRequest.cs", "C#", 0, 0, 0, 4, 0, 0, 0, 0, 0, 0, 0, 0, 0, 1, 5
"d:\SocialNetworkApp\SocialNetworkApp\src\Presentation\Contracts\Group\ReviewGroupPostRequest.cs", "C#", 0, 0, 0, 4, 0, 0, 0, 0, 0, 0, 0, 0, 0, 1, 5
"d:\SocialNetworkApp\SocialNetworkApp\src\Presentation\Contracts\Group\UpdateGroupRequest.cs", "C#", 0, 0, 0, 13, 0, 0, 0, 0, 0, 0, 0, 0, 0, 1, 14
"d:\SocialNetworkApp\SocialNetworkApp\src\Presentation\Contracts\Group\UpdateGroupRuleRequest.cs", "C#", 0, 0, 0, 4, 0, 0, 0, 0, 0, 0, 0, 0, 0, 1, 5
"d:\SocialNetworkApp\SocialNetworkApp\src\Presentation\Contracts\Message\SendMessageRequest.cs", "C#", 0, 0, 0, 4, 0, 0, 0, 0, 0, 0, 0, 0, 0, 3, 7
"d:\SocialNetworkApp\SocialNetworkApp\src\Presentation\Contracts\Message\UpdateMessageRequest.cs", "C#", 0, 0, 0, 9, 0, 0, 0, 0, 0, 0, 0, 0, 0, 3, 12
"d:\SocialNetworkApp\SocialNetworkApp\src\Presentation\Contracts\Post\CreateCommentRequest.cs", "C#", 0, 0, 0, 9, 0, 0, 0, 0, 0, 0, 0, 0, 0, 2, 11
"d:\SocialNetworkApp\SocialNetworkApp\src\Presentation\Contracts\Post\CreatePostRequest.cs", "C#", 0, 0, 0, 16, 0, 0, 0, 0, 0, 0, 0, 0, 0, 2, 18
"d:\SocialNetworkApp\SocialNetworkApp\src\Presentation\Contracts\Post\ReactToCommentRequest.cs", "C#", 0, 0, 0, 7, 0, 0, 0, 0, 0, 0, 0, 0, 0, 2, 9
"d:\SocialNetworkApp\SocialNetworkApp\src\Presentation\Contracts\Post\ReactToPostRequest.cs", "C#", 0, 0, 0, 7, 0, 0, 0, 0, 0, 0, 0, 0, 0, 2, 9
"d:\SocialNetworkApp\SocialNetworkApp\src\Presentation\Contracts\Post\UpdatePostRequest.cs", "C#", 0, 0, 0, 10, 0, 0, 0, 0, 0, 0, 0, 0, 0, 2, 12
"d:\SocialNetworkApp\SocialNetworkApp\src\Presentation\Contracts\School\AddSchoolRequest.cs", "C#", 0, 0, 0, 12, 0, 0, 0, 0, 0, 0, 0, 0, 0, 2, 14
"d:\SocialNetworkApp\SocialNetworkApp\src\Presentation\Contracts\School\UpdateSchoolRequest.cs", "C#", 0, 0, 0, 12, 0, 0, 0, 0, 0, 0, 0, 0, 0, 2, 14
"d:\SocialNetworkApp\SocialNetworkApp\src\Presentation\Contracts\User\UpdateInfoRequest.cs", "C#", 0, 0, 0, 16, 0, 0, 0, 0, 0, 0, 0, 0, 0, 2, 18
"d:\SocialNetworkApp\SocialNetworkApp\src\Presentation\Controllers\AuthController.cs", "C#", 0, 0, 0, 49, 0, 0, 0, 0, 0, 0, 0, 0, 0, 9, 58
"d:\SocialNetworkApp\SocialNetworkApp\src\Presentation\Controllers\ConversationController.cs", "C#", 0, 0, 0, 125, 0, 0, 0, 0, 0, 0, 0, 0, 0, 34, 159
"d:\SocialNetworkApp\SocialNetworkApp\src\Presentation\Controllers\FriendController.cs", "C#", 0, 0, 0, 105, 0, 0, 0, 0, 0, 0, 0, 0, 0, 23, 128
"d:\SocialNetworkApp\SocialNetworkApp\src\Presentation\Controllers\GroupController.cs", "C#", 0, 0, 0, 344, 0, 0, 0, 0, 0, 0, 0, 0, 0, 61, 405
"d:\SocialNetworkApp\SocialNetworkApp\src\Presentation\Controllers\MessageController.cs", "C#", 0, 0, 0, 116, 0, 0, 0, 0, 0, 0, 0, 0, 2, 32, 150
"d:\SocialNetworkApp\SocialNetworkApp\src\Presentation\Controllers\PostController.cs", "C#", 0, 0, 0, 336, 0, 0, 0, 0, 0, 0, 0, 0, 0, 62, 398
"d:\SocialNetworkApp\SocialNetworkApp\src\Presentation\Controllers\SchoolController.cs", "C#", 0, 0, 0, 91, 0, 0, 0, 0, 0, 0, 0, 0, 0, 22, 113
"d:\SocialNetworkApp\SocialNetworkApp\src\Presentation\Controllers\UserController.cs", "C#", 0, 0, 0, 120, 0, 0, 0, 0, 0, 0, 0, 0, 1, 30, 151
"d:\SocialNetworkApp\SocialNetworkApp\src\Presentation\DependencyInjection.cs", "C#", 0, 0, 0, 13, 0, 0, 0, 0, 0, 0, 0, 0, 0, 0, 13
"d:\SocialNetworkApp\SocialNetworkApp\src\Presentation\Presentation.csproj", "XML", 10, 0, 0, 0, 0, 0, 0, 0, 0, 0, 0, 0, 0, 4, 14
"d:\SocialNetworkApp\SocialNetworkApp\src\Presentation\Shared\CustomProblemDetails.cs", "C#", 0, 0, 0, 21, 0, 0, 0, 0, 0, 0, 0, 0, 0, 2, 23
"d:\SocialNetworkApp\SocialNetworkApp\src\Presentation\bin\Debug\net10.0\Presentation.deps.json", "JSON", 0, 421, 0, 0, 0, 0, 0, 0, 0, 0, 0, 0, 0, 0, 421
"d:\SocialNetworkApp\SocialNetworkApp\src\Presentation\obj\Debug\net10.0\.NETCoreApp,Version=v10.0.AssemblyAttributes.cs", "C#", 0, 0, 0, 3, 0, 0, 0, 0, 0, 0, 0, 0, 1, 1, 5
"d:\SocialNetworkApp\SocialNetworkApp\src\Presentation\obj\Debug\net10.0\Presentation.AssemblyInfo.cs", "C#", 0, 0, 0, 9, 0, 0, 0, 0, 0, 0, 0, 0, 9, 5, 23
"d:\SocialNetworkApp\SocialNetworkApp\src\Presentation\obj\Debug\net10.0\Presentation.GeneratedMSBuildEditorConfig.editorconfig", "Properties", 0, 0, 0, 0, 0, 0, 17, 0, 0, 0, 0, 0, 0, 1, 18
"d:\SocialNetworkApp\SocialNetworkApp\src\Presentation\obj\Debug\net10.0\Presentation.GlobalUsings.g.cs", "C#", 0, 0, 0, 7, 0, 0, 0, 0, 0, 0, 0, 0, 1, 1, 9
"d:\SocialNetworkApp\SocialNetworkApp\src\Presentation\obj\Debug\net10.0\Presentation.sourcelink.json", "JSON", 0, 1, 0, 0, 0, 0, 0, 0, 0, 0, 0, 0, 0, 0, 1
"d:\SocialNetworkApp\SocialNetworkApp\src\Presentation\obj\Presentation.csproj.nuget.dgspec.json", "JSON", 0, 1563, 0, 0, 0, 0, 0, 0, 0, 0, 0, 0, 0, 0, 1563
"d:\SocialNetworkApp\SocialNetworkApp\src\Presentation\obj\Presentation.csproj.nuget.g.props", "XML", 19, 0, 0, 0, 0, 0, 0, 0, 0, 0, 0, 0, 0, 0, 19
"d:\SocialNetworkApp\SocialNetworkApp\src\Presentation\obj\Presentation.csproj.nuget.g.targets", "XML", 8, 0, 0, 0, 0, 0, 0, 0, 0, 0, 0, 0, 0, 0, 8
"d:\SocialNetworkApp\SocialNetworkApp\src\Presentation\obj\project.assets.json", "JSON", 0, 2180, 0, 0, 0, 0, 0, 0, 0, 0, 0, 0, 0, 0, 2180
"d:\SocialNetworkApp\SocialNetworkApp\src\ReactWeb\.env", "Dotenv", 0, 0, 0, 0, 0, 0, 0, 0, 0, 3, 0, 0, 0, 0, 3
"d:\SocialNetworkApp\SocialNetworkApp\src\ReactWeb\README.md", "Markdown", 0, 0, 9, 0, 0, 0, 0, 0, 0, 0, 0, 0, 0, 8, 17
"d:\SocialNetworkApp\SocialNetworkApp\src\ReactWeb\eslint.config.js", "JavaScript", 0, 0, 0, 0, 0, 28, 0, 0, 0, 0, 0, 0, 0, 2, 30
"d:\SocialNetworkApp\SocialNetworkApp\src\ReactWeb\index.html", "HTML", 0, 0, 0, 0, 0, 0, 0, 0, 0, 0, 13, 0, 0, 1, 14
"d:\SocialNetworkApp\SocialNetworkApp\src\ReactWeb\package-lock.json", "JSON", 0, 3876, 0, 0, 0, 0, 0, 0, 0, 0, 0, 0, 0, 1, 3877
"d:\SocialNetworkApp\SocialNetworkApp\src\ReactWeb\package.json", "JSON", 0, 36, 0, 0, 0, 0, 0, 0, 0, 0, 0, 0, 0, 1, 37
"d:\SocialNetworkApp\SocialNetworkApp\src\ReactWeb\public\vite.svg", "XML", 1, 0, 0, 0, 0, 0, 0, 0, 0, 0, 0, 0, 0, 0, 1
"d:\SocialNetworkApp\SocialNetworkApp\src\ReactWeb\src\App.css", "PostCSS", 0, 0, 0, 0, 0, 0, 0, 0, 25, 0, 0, 0, 0, 3, 28
"d:\SocialNetworkApp\SocialNetworkApp\src\ReactWeb\src\App.jsx", "JavaScript JSX", 0, 0, 0, 0, 0, 0, 0, 34, 0, 0, 0, 0, 1, 3, 38
"d:\SocialNetworkApp\SocialNetworkApp\src\ReactWeb\src\apis\authApi.js", "JavaScript", 0, 0, 0, 0, 0, 26, 0, 0, 0, 0, 0, 0, 7, 2, 35
"d:\SocialNetworkApp\SocialNetworkApp\src\ReactWeb\src\apis\axios.js", "JavaScript", 0, 0, 0, 0, 0, 22, 0, 0, 0, 0, 0, 0, 6, 8, 36
"d:\SocialNetworkApp\SocialNetworkApp\src\ReactWeb\src\apis\conversationApi.js", "JavaScript", 0, 0, 0, 0, 0, 41, 0, 0, 0, 0, 0, 0, 18, 9, 68
"d:\SocialNetworkApp\SocialNetworkApp\src\ReactWeb\src\apis\friendApi.js", "JavaScript", 0, 0, 0, 0, 0, 27, 0, 0, 0, 0, 0, 0, 20, 6, 53
"d:\SocialNetworkApp\SocialNetworkApp\src\ReactWeb\src\apis\groupApi.js", "JavaScript", 0, 0, 0, 0, 0, 82, 0, 0, 0, 0, 0, 0, 44, 12, 138
"d:\SocialNetworkApp\SocialNetworkApp\src\ReactWeb\src\apis\messageApi.js", "JavaScript", 0, 0, 0, 0, 0, 28, 0, 0, 0, 0, 0, 0, 9, 6, 43
"d:\SocialNetworkApp\SocialNetworkApp\src\ReactWeb\src\apis\postApi.js", "JavaScript", 0, 0, 0, 0, 0, 141, 0, 0, 0, 0, 0, 0, 60, 38, 239
"d:\SocialNetworkApp\SocialNetworkApp\src\ReactWeb\src\apis\schoolApi.js", "JavaScript", 0, 0, 0, 0, 0, 17, 0, 0, 0, 0, 0, 0, 0, 7, 24
"d:\SocialNetworkApp\SocialNetworkApp\src\ReactWeb\src\apis\userApi.js", "JavaScript", 0, 0, 0, 0, 0, 33, 0, 0, 0, 0, 0, 0, 15, 10, 58
"d:\SocialNetworkApp\SocialNetworkApp\src\ReactWeb\src\assets\react.svg", "XML", 1, 0, 0, 0, 0, 0, 0, 0, 0, 0, 0, 0, 0, 0, 1
"d:\SocialNetworkApp\SocialNetworkApp\src\ReactWeb\src\components\Feed\CreatePost.jsx", "JavaScript JSX", 0, 0, 0, 0, 0, 0, 0, 55, 0, 0, 0, 0, 2, 5, 62
"d:\SocialNetworkApp\SocialNetworkApp\src\ReactWeb\src\components\Feed\MediaGallery.jsx", "JavaScript JSX", 0, 0, 0, 0, 0, 0, 0, 202, 0, 0, 0, 0, 0, 15, 217
"d:\SocialNetworkApp\SocialNetworkApp\src\ReactWeb\src\components\Feed\PostCard.jsx", "JavaScript JSX", 0, 0, 0, 0, 0, 0, 0, 575, 0, 0, 0, 0, 12, 73, 660
"d:\SocialNetworkApp\SocialNetworkApp\src\ReactWeb\src\components\Feed\PostComment.jsx", "JavaScript JSX", 0, 0, 0, 0, 0, 0, 0, 284, 0, 0, 0, 0, 14, 28, 326
"d:\SocialNetworkApp\SocialNetworkApp\src\ReactWeb\src\components\Feed\PostModal.jsx", "JavaScript JSX", 0, 0, 0, 0, 0, 0, 0, 182, 0, 0, 0, 0, 0, 14, 196
"d:\SocialNetworkApp\SocialNetworkApp\src\ReactWeb\src\components\Feed\StoryBar.jsx", "JavaScript JSX", 0, 0, 0, 0, 0, 0, 0, 36, 0, 0, 0, 0, 1, 3, 40
"d:\SocialNetworkApp\SocialNetworkApp\src\ReactWeb\src\components\Messenger\ChatInfoDirect.jsx", "JavaScript JSX", 0, 0, 0, 0, 0, 0, 0, 216, 0, 0, 0, 0, 17, 13, 246
"d:\SocialNetworkApp\SocialNetworkApp\src\ReactWeb\src\components\Messenger\ChatInfoGroup.jsx", "JavaScript JSX", 0, 0, 0, 0, 0, 0, 0, 230, 0, 0, 0, 0, 10, 14, 254
"d:\SocialNetworkApp\SocialNetworkApp\src\ReactWeb\src\components\Messenger\ChatWindow.jsx", "JavaScript JSX", 0, 0, 0, 0, 0, 0, 0, 0, 0, 0, 0, 0, 0, 1, 1
"d:\SocialNetworkApp\SocialNetworkApp\src\ReactWeb\src\components\Messenger\ConversationList.jsx", "JavaScript JSX", 0, 0, 0, 0, 0, 0, 0, 0, 0, 0, 0, 0, 0, 1, 1
"d:\SocialNetworkApp\SocialNetworkApp\src\ReactWeb\src\components\Messenger\MessengerFull.jsx", "JavaScript JSX", 0, 0, 0, 0, 0, 0, 0, 408, 0, 0, 0, 0, 21, 36, 465
"d:\SocialNetworkApp\SocialNetworkApp\src\ReactWeb\src\components\Messenger\MessengerMini.jsx", "JavaScript JSX", 0, 0, 0, 0, 0, 0, 0, 252, 0, 0, 0, 0, 10, 17, 279
"d:\SocialNetworkApp\SocialNetworkApp\src\ReactWeb\src\components\Navbar\Navbar.jsx", "JavaScript JSX", 0, 0, 0, 0, 0, 0, 0, 249, 0, 0, 0, 0, 13, 23, 285
"d:\SocialNetworkApp\SocialNetworkApp\src\ReactWeb\src\components\Profile\AboutTab.jsx", "JavaScript JSX", 0, 0, 0, 0, 0, 0, 0, 429, 0, 0, 0, 0, 15, 39, 483
"d:\SocialNetworkApp\SocialNetworkApp\src\ReactWeb\src\components\Profile\CreatePostModal.jsx", "JavaScript JSX", 0, 0, 0, 0, 0, 0, 0, 725, 0, 0, 0, 0, 38, 48, 811
"d:\SocialNetworkApp\SocialNetworkApp\src\ReactWeb\src\components\Profile\FollowingTab.jsx", "JavaScript JSX", 0, 0, 0, 0, 0, 0, 0, 108, 0, 0, 0, 0, 12, 16, 136
"d:\SocialNetworkApp\SocialNetworkApp\src\ReactWeb\src\components\Profile\FriendsTab.jsx", "JavaScript JSX", 0, 0, 0, 0, 0, 0, 0, 180, 0, 0, 0, 0, 18, 26, 224
"d:\SocialNetworkApp\SocialNetworkApp\src\ReactWeb\src\components\Profile\PhotosTab.jsx", "JavaScript JSX", 0, 0, 0, 0, 0, 0, 0, 41, 0, 0, 0, 0, 2, 3, 46
"d:\SocialNetworkApp\SocialNetworkApp\src\ReactWeb\src\components\ProtectedRoute.jsx", "JavaScript JSX", 0, 0, 0, 0, 0, 0, 0, 17, 0, 0, 0, 0, 0, 5, 22
"d:\SocialNetworkApp\SocialNetworkApp\src\ReactWeb\src\components\RightSidebar\RightSidebar.jsx", "JavaScript JSX", 0, 0, 0, 0, 0, 0, 0, 70, 0, 0, 0, 0, 5, 7, 82
"d:\SocialNetworkApp\SocialNetworkApp\src\ReactWeb\src\components\Sidebar\LeftSidebar.jsx", "JavaScript JSX", 0, 0, 0, 0, 0, 0, 0, 146, 0, 0, 0, 0, 0, 18, 164
"d:\SocialNetworkApp\SocialNetworkApp\src\ReactWeb\src\components\group\GroupAdminInsights.jsx", "JavaScript JSX", 0, 0, 0, 0, 0, 0, 0, 163, 0, 0, 0, 0, 0, 9, 172
"d:\SocialNetworkApp\SocialNetworkApp\src\ReactWeb\src\components\group\GroupAdminManage.jsx", "JavaScript JSX", 0, 0, 0, 0, 0, 0, 0, 265, 0, 0, 0, 0, 0, 19, 284
"d:\SocialNetworkApp\SocialNetworkApp\src\ReactWeb\src\components\group\GroupAdminSettings.jsx", "JavaScript JSX", 0, 0, 0, 0, 0, 0, 0, 64, 0, 0, 0, 0, 0, 7, 71
"d:\SocialNetworkApp\SocialNetworkApp\src\ReactWeb\src\components\group\GroupAdminSidebar.jsx", "JavaScript JSX", 0, 0, 0, 0, 0, 0, 0, 91, 0, 0, 0, 0, 0, 5, 96
"d:\SocialNetworkApp\SocialNetworkApp\src\ReactWeb\src\contexts\authContext.jsx", "JavaScript JSX", 0, 0, 0, 0, 0, 0, 0, 132, 0, 0, 0, 0, 22, 32, 186
"d:\SocialNetworkApp\SocialNetworkApp\src\ReactWeb\src\contexts\conversationContext.jsx", "JavaScript JSX", 0, 0, 0, 0, 0, 0, 0, 84, 0, 0, 0, 0, 11, 8, 103
"d:\SocialNetworkApp\SocialNetworkApp\src\ReactWeb\src\contexts\friendContext.jsx", "JavaScript JSX", 0, 0, 0, 0, 0, 0, 0, 161, 0, 0, 0, 0, 0, 19, 180
"d:\SocialNetworkApp\SocialNetworkApp\src\ReactWeb\src\contexts\signalRContext.jsx", "JavaScript JSX", 0, 0, 0, 0, 0, 0, 0, 49, 0, 0, 0, 0, 3, 9, 61
"d:\SocialNetworkApp\SocialNetworkApp\src\ReactWeb\src\data\groupMockData.js", "JavaScript", 0, 0, 0, 0, 0, 171, 0, 0, 0, 0, 0, 0, 0, 11, 182
"d:\SocialNetworkApp\SocialNetworkApp\src\ReactWeb\src\data\mockData.js", "JavaScript", 0, 0, 0, 0, 0, 569, 0, 0, 0, 0, 0, 0, 8, 9, 586
"d:\SocialNetworkApp\SocialNetworkApp\src\ReactWeb\src\data\reelsMockData.js", "JavaScript", 0, 0, 0, 0, 0, 62, 0, 0, 0, 0, 0, 0, 0, 1, 63
"d:\SocialNetworkApp\SocialNetworkApp\src\ReactWeb\src\data\searchMockData.js", "JavaScript", 0, 0, 0, 0, 0, 88, 0, 0, 0, 0, 0, 0, 0, 6, 94
"d:\SocialNetworkApp\SocialNetworkApp\src\ReactWeb\src\hooks\useChat.jsx", "JavaScript JSX", 0, 0, 0, 0, 0, 0, 0, 86, 0, 0, 0, 0, 20, 20, 126
"d:\SocialNetworkApp\SocialNetworkApp\src\ReactWeb\src\hooks\useFeed.js", "JavaScript", 0, 0, 0, 0, 0, 129, 0, 0, 0, 0, 0, 0, 4, 20, 153
"d:\SocialNetworkApp\SocialNetworkApp\src\ReactWeb\src\hooks\useFriend.js", "JavaScript", 0, 0, 0, 0, 0, 141, 0, 0, 0, 0, 0, 0, 0, 12, 153
"d:\SocialNetworkApp\SocialNetworkApp\src\ReactWeb\src\hooks\usePersonalInfo.js", "JavaScript", 0, 0, 0, 0, 0, 24, 0, 0, 0, 0, 0, 0, 0, 6, 30
"d:\SocialNetworkApp\SocialNetworkApp\src\ReactWeb\src\hooks\useSchools.js", "JavaScript", 0, 0, 0, 0, 0, 35, 0, 0, 0, 0, 0, 0, 2, 3, 40
"d:\SocialNetworkApp\SocialNetworkApp\src\ReactWeb\src\hooks\useUserPosts.js", "JavaScript", 0, 0, 0, 0, 0, 79, 0, 0, 0, 0, 0, 0, 5, 14, 98
"d:\SocialNetworkApp\SocialNetworkApp\src\ReactWeb\src\index.css", "PostCSS", 0, 0, 0, 0, 0, 0, 0, 0, 9, 0, 0, 0, 0, 1, 10
"d:\SocialNetworkApp\SocialNetworkApp\src\ReactWeb\src\main.jsx", "JavaScript JSX", 0, 0, 0, 0, 0, 0, 0, 21, 0, 0, 0, 0, 0, 1, 22
"d:\SocialNetworkApp\SocialNetworkApp\src\ReactWeb\src\pages\FriendsPage.jsx", "JavaScript JSX", 0, 0, 0, 0, 0, 0, 0, 211, 0, 0, 0, 0, 3, 23, 237
"d:\SocialNetworkApp\SocialNetworkApp\src\ReactWeb\src\pages\GroupPage.jsx", "JavaScript JSX", 0, 0, 0, 0, 0, 0, 0, 432, 0, 0, 0, 0, 0, 30, 462
"d:\SocialNetworkApp\SocialNetworkApp\src\ReactWeb\src\pages\GroupsCreatePage.jsx", "JavaScript JSX", 0, 0, 0, 0, 0, 0, 0, 227, 0, 0, 0, 0, 0, 20, 247
"d:\SocialNetworkApp\SocialNetworkApp\src\ReactWeb\src\pages\GroupsPage.jsx", "JavaScript JSX", 0, 0, 0, 0, 0, 0, 0, 314, 0, 0, 0, 0, 0, 16, 330
"d:\SocialNetworkApp\SocialNetworkApp\src\ReactWeb\src\pages\HomePage.jsx", "JavaScript JSX", 0, 0, 0, 0, 0, 0, 0, 132, 0, 0, 0, 0, 2, 23, 157
"d:\SocialNetworkApp\SocialNetworkApp\src\ReactWeb\src\pages\MessengerPage.jsx", "JavaScript JSX", 0, 0, 0, 0, 0, 0, 0, 5, 0, 0, 0, 0, 1, 2, 8
"d:\SocialNetworkApp\SocialNetworkApp\src\ReactWeb\src\pages\ProfilePage.jsx", "JavaScript JSX", 0, 0, 0, 0, 0, 0, 0, 801, 0, 0, 0, 0, 49, 85, 935
"d:\SocialNetworkApp\SocialNetworkApp\src\ReactWeb\src\pages\ReelsPage.jsx", "JavaScript JSX", 0, 0, 0, 0, 0, 0, 0, 95, 0, 0, 0, 0, 0, 12, 107
"d:\SocialNetworkApp\SocialNetworkApp\src\ReactWeb\src\pages\SearchPage.jsx", "JavaScript JSX", 0, 0, 0, 0, 0, 0, 0, 201, 0, 0, 0, 0, 0, 15, 216
"d:\SocialNetworkApp\SocialNetworkApp\src\ReactWeb\src\pages\SigninPage.jsx", "JavaScript JSX", 0, 0, 0, 0, 0, 0, 0, 235, 0, 0, 0, 0, 7, 24, 266
"d:\SocialNetworkApp\SocialNetworkApp\src\ReactWeb\src\pages\SignupPage.jsx", "JavaScript JSX", 0, 0, 0, 0, 0, 0, 0, 193, 0, 0, 0, 0, 8, 30, 231
"d:\SocialNetworkApp\SocialNetworkApp\src\ReactWeb\vite.config.js", "JavaScript", 0, 0, 0, 0, 0, 6, 0, 0, 0, 0, 0, 0, 0, 2, 8
"d:\SocialNetworkApp\SocialNetworkApp\src\Web\Api.http", "HTTP", 0, 0, 0, 0, 3, 0, 0, 0, 0, 0, 0, 0, 1, 3, 7
"d:\SocialNetworkApp\SocialNetworkApp\src\Web\Program.cs", "C#", 0, 0, 0, 155, 0, 0, 0, 0, 0, 0, 0, 0, 16, 29, 200
"d:\SocialNetworkApp\SocialNetworkApp\src\Web\Properties\launchSettings.json", "JSON", 0, 23, 0, 0, 0, 0, 0, 0, 0, 0, 0, 0, 0, 1, 24
"d:\SocialNetworkApp\SocialNetworkApp\src\Web\Web.csproj", "XML", 22, 0, 0, 0, 0, 0, 0, 0, 0, 0, 0, 0, 0, 5, 27
"d:\SocialNetworkApp\SocialNetworkApp\src\Web\appsettings.Development.json", "JSON", 0, 44, 0, 0, 0, 0, 0, 0, 0, 0, 0, 0, 0, 1, 45
"d:\SocialNetworkApp\SocialNetworkApp\src\Web\appsettings.json", "JSON", 0, 49, 0, 0, 0, 0, 0, 0, 0, 0, 0, 0, 0, 2, 51
"d:\SocialNetworkApp\SocialNetworkApp\src\Web\bin\Debug\net10.0\Api.deps.json", "JSON", 0, 298, 0, 0, 0, 0, 0, 0, 0, 0, 0, 0, 0, 0, 298
"d:\SocialNetworkApp\SocialNetworkApp\src\Web\bin\Debug\net10.0\Api.runtimeconfig.json", "JSON", 0, 20, 0, 0, 0, 0, 0, 0, 0, 0, 0, 0, 0, 0, 20
"d:\SocialNetworkApp\SocialNetworkApp\src\Web\bin\Debug\net10.0\Api.staticwebassets.endpoints.json", "JSON", 0, 1, 0, 0, 0, 0, 0, 0, 0, 0, 0, 0, 0, 0, 1
"d:\SocialNetworkApp\SocialNetworkApp\src\Web\bin\Debug\net10.0\BuildHost-netcore\Microsoft.CodeAnalysis.Workspaces.MSBuild.BuildHost.deps.json", "JSON", 0, 260, 0, 0, 0, 0, 0, 0, 0, 0, 0, 0, 0, 0, 260
"d:\SocialNetworkApp\SocialNetworkApp\src\Web\bin\Debug\net10.0\BuildHost-netcore\Microsoft.CodeAnalysis.Workspaces.MSBuild.BuildHost.runtimeconfig.json", "JSON", 0, 13, 0, 0, 0, 0, 0, 0, 0, 0, 0, 0, 0, 0, 13
"d:\SocialNetworkApp\SocialNetworkApp\src\Web\bin\Debug\net10.0\Web.deps.json", "JSON", 0, 1474, 0, 0, 0, 0, 0, 0, 0, 0, 0, 0, 0, 0, 1474
"d:\SocialNetworkApp\SocialNetworkApp\src\Web\bin\Debug\net10.0\Web.runtimeconfig.json", "JSON", 0, 20, 0, 0, 0, 0, 0, 0, 0, 0, 0, 0, 0, 0, 20
"d:\SocialNetworkApp\SocialNetworkApp\src\Web\bin\Debug\net10.0\Web.staticwebassets.endpoints.json", "JSON", 0, 1, 0, 0, 0, 0, 0, 0, 0, 0, 0, 0, 0, 0, 1
"d:\SocialNetworkApp\SocialNetworkApp\src\Web\bin\Debug\net10.0\appsettings.Development.json", "JSON", 0, 44, 0, 0, 0, 0, 0, 0, 0, 0, 0, 0, 0, 1, 45
"d:\SocialNetworkApp\SocialNetworkApp\src\Web\bin\Debug\net10.0\appsettings.json", "JSON", 0, 49, 0, 0, 0, 0, 0, 0, 0, 0, 0, 0, 0, 2, 51
"d:\SocialNetworkApp\SocialNetworkApp\src\Web\obj\Api.csproj.nuget.dgspec.json", "JSON", 0, 1897, 0, 0, 0, 0, 0, 0, 0, 0, 0, 0, 0, 0, 1897
"d:\SocialNetworkApp\SocialNetworkApp\src\Web\obj\Api.csproj.nuget.g.props", "XML", 19, 0, 0, 0, 0, 0, 0, 0, 0, 0, 0, 0, 0, 0, 19
"d:\SocialNetworkApp\SocialNetworkApp\src\Web\obj\Api.csproj.nuget.g.targets", "XML", 6, 0, 0, 0, 0, 0, 0, 0, 0, 0, 0, 0, 0, 0, 6
"d:\SocialNetworkApp\SocialNetworkApp\src\Web\obj\Debug\net10.0\.NETCoreApp,Version=v10.0.AssemblyAttributes.cs", "C#", 0, 0, 0, 3, 0, 0, 0, 0, 0, 0, 0, 0, 1, 1, 5
"d:\SocialNetworkApp\SocialNetworkApp\src\Web\obj\Debug\net10.0\Api.AssemblyInfo.cs", "C#", 0, 0, 0, 9, 0, 0, 0, 0, 0, 0, 0, 0, 10, 5, 24
"d:\SocialNetworkApp\SocialNetworkApp\src\Web\obj\Debug\net10.0\Api.GeneratedMSBuildEditorConfig.editorconfig", "Properties", 0, 0, 0, 0, 0, 0, 23, 0, 0, 0, 0, 0, 0, 1, 24
"d:\SocialNetworkApp\SocialNetworkApp\src\Web\obj\Debug\net10.0\Api.GlobalUsings.g.cs", "C#", 0, 0, 0, 16, 0, 0, 0, 0, 0, 0, 0, 0, 1, 1, 18
"d:\SocialNetworkApp\SocialNetworkApp\src\Web\obj\Debug\net10.0\Api.MvcApplicationPartsAssemblyInfo.cs", "C#", 0, 0, 0, 4, 0, 0, 0, 0, 0, 0, 0, 0, 10, 5, 19
"d:\SocialNetworkApp\SocialNetworkApp\src\Web\obj\Debug\net10.0\Api.sourcelink.json", "JSON", 0, 1, 0, 0, 0, 0, 0, 0, 0, 0, 0, 0, 0, 0, 1
"d:\SocialNetworkApp\SocialNetworkApp\src\Web\obj\Debug\net10.0\ApiEndpoints.json", "JSON", 0, 1205, 0, 0, 0, 0, 0, 0, 0, 0, 0, 0, 0, 0, 1205
"d:\SocialNetworkApp\SocialNetworkApp\src\Web\obj\Debug\net10.0\EndpointInfo\Api.json", "JSON", 0, 96, 0, 0, 0, 0, 0, 0, 0, 0, 0, 0, 0, 0, 96
"d:\SocialNetworkApp\SocialNetworkApp\src\Web\obj\Debug\net10.0\EndpointInfo\Web.json", "JSON", 0, 2543, 0, 0, 0, 0, 0, 0, 0, 0, 0, 0, 0, 0, 2543
"d:\SocialNetworkApp\SocialNetworkApp\src\Web\obj\Debug\net10.0\Web.AssemblyInfo.cs", "C#", 0, 0, 0, 9, 0, 0, 0, 0, 0, 0, 0, 0, 10, 5, 24
"d:\SocialNetworkApp\SocialNetworkApp\src\Web\obj\Debug\net10.0\Web.GeneratedMSBuildEditorConfig.editorconfig", "Properties", 0, 0, 0, 0, 0, 0, 31, 0, 0, 0, 0, 0, 0, 1, 32
"d:\SocialNetworkApp\SocialNetworkApp\src\Web\obj\Debug\net10.0\Web.GlobalUsings.g.cs", "C#", 0, 0, 0, 16, 0, 0, 0, 0, 0, 0, 0, 0, 1, 1, 18
"d:\SocialNetworkApp\SocialNetworkApp\src\Web\obj\Debug\net10.0\Web.MvcApplicationPartsAssemblyInfo.cs", "C#", 0, 0, 0, 4, 0, 0, 0, 0, 0, 0, 0, 0, 9, 5, 18
"d:\SocialNetworkApp\SocialNetworkApp\src\Web\obj\Debug\net10.0\Web.sourcelink.json", "JSON", 0, 1, 0, 0, 0, 0, 0, 0, 0, 0, 0, 0, 0, 0, 1
"d:\SocialNetworkApp\SocialNetworkApp\src\Web\obj\Debug\net10.0\rjsmcshtml.dswa.cache.json", "JSON", 0, 1, 0, 0, 0, 0, 0, 0, 0, 0, 0, 0, 0, 0, 1
"d:\SocialNetworkApp\SocialNetworkApp\src\Web\obj\Debug\net10.0\rjsmrazor.dswa.cache.json", "JSON", 0, 1, 0, 0, 0, 0, 0, 0, 0, 0, 0, 0, 0, 0, 1
"d:\SocialNetworkApp\SocialNetworkApp\src\Web\obj\Debug\net10.0\rpswa.dswa.cache.json", "JSON", 0, 1, 0, 0, 0, 0, 0, 0, 0, 0, 0, 0, 0, 0, 1
"d:\SocialNetworkApp\SocialNetworkApp\src\Web\obj\Debug\net10.0\staticwebassets.build.endpoints.json", "JSON", 0, 1, 0, 0, 0, 0, 0, 0, 0, 0, 0, 0, 0, 0, 1
"d:\SocialNetworkApp\SocialNetworkApp\src\Web\obj\Debug\net10.0\staticwebassets.build.json", "JSON", 0, 1, 0, 0, 0, 0, 0, 0, 0, 0, 0, 0, 0, 0, 1
"d:\SocialNetworkApp\SocialNetworkApp\src\Web\obj\Web.csproj.nuget.dgspec.json", "JSON", 0, 2080, 0, 0, 0, 0, 0, 0, 0, 0, 0, 0, 0, 0, 2080
"d:\SocialNetworkApp\SocialNetworkApp\src\Web\obj\Web.csproj.nuget.g.props", "XML", 535, 0, 0, 0, 0, 0, 0, 0, 0, 0, 0, 0, 0, 0, 535
"d:\SocialNetworkApp\SocialNetworkApp\src\Web\obj\Web.csproj.nuget.g.targets", "XML", 9, 0, 0, 0, 0, 0, 0, 0, 0, 0, 0, 0, 0, 0, 9
"d:\SocialNetworkApp\SocialNetworkApp\src\Web\obj\project.assets.json", "JSON", 0, 4990, 0, 0, 0, 0, 0, 0, 0, 0, 0, 0, 0, 0, 4990
"d:\SocialNetworkApp\SocialNetworkApp\src\build.log", "log", 0, 0, 0, 0, 0, 0, 0, 0, 0, 0, 0, 9873, 0, 17, 9890
"d:\SocialNetworkApp\SocialNetworkApp\src\package-lock.json", "JSON", 0, 6, 0, 0, 0, 0, 0, 0, 0, 0, 0, 0, 0, 1, 7
"Total", "-", 824, 35162, 37, 36573, 3, 1749, 130, 8401, 34, 3, 13, 9873, 1039, 12667, 106508